path,interval_ms,fps,color_a,shape_a,color_b,shape_b,a_first,simultaneous,response,pred,gt,correct
data/sim_videos/fps30/int_0ms/fps30_int0_af_0000.mp4,0,30,red,square,blue,circle,True,True,"Yes, both shapes started moving at exactly the same time.",1,1,1
data/sim_videos/fps30/int_0ms/fps30_int0_af_0001.mp4,0,30,green,circle,red,square,True,True,"Yes, both shapes started moving at exactly the same time.",1,1,1
data/sim_videos/fps30/int_0ms/fps30_int0_bf_0002.mp4,0,30,blue,square,green,circle,False,True,"Yes, both shapes started moving at exactly the same time.",1,1,1
data/sim_videos/fps30/int_0ms/fps30_int0_bf_0003.mp4,0,30,blue,square,green,circle,False,True,"Yes, both shapes started moving at exactly the same time.",1,1,1
data/sim_videos/fps30/int_0ms/fps30_int0_bf_0004.mp4,0,30,green,circle,red,square,False,True,"Yes, both shapes started moving at exactly the same time.",1,1,1
data/sim_videos/fps30/int_0ms/fps30_int0_af_0005.mp4,0,30,blue,square,green,circle,True,True,"Yes, both shapes started moving at exactly the same time.",1,1,1
data/sim_videos/fps30/int_0ms/fps30_int0_bf_0006.mp4,0,30,red,square,blue,circle,False,True,"Yes, both shapes started moving at exactly the same time.",1,1,1
data/sim_videos/fps30/int_0ms/fps30_int0_bf_0007.mp4,0,30,blue,square,green,circle,False,True,"Yes, both shapes started moving at exactly the same time.",1,1,1
data/sim_videos/fps30/int_0ms/fps30_int0_af_0008.mp4,0,30,red,square,blue,circle,True,True,"Yes, both shapes started moving at exactly the same time.",1,1,1
data/sim_videos/fps30/int_0ms/fps30_int0_bf_0009.mp4,0,30,green,circle,red,square,False,True,"Yes, both shapes started moving at exactly the same time.",1,1,1
data/sim_videos/fps30/int_0ms/fps30_int0_af_0010.mp4,0,30,red,square,blue,circle,True,True,"Yes, both shapes started moving at exactly the same time.",1,1,1
data/sim_videos/fps30/int_0ms/fps30_int0_af_0011.mp4,0,30,green,circle,red,square,True,True,"Yes, both shapes started moving at exactly the same time.",1,1,1
data/sim_videos/fps30/int_0ms/fps30_int0_af_0012.mp4,0,30,red,square,blue,circle,True,True,"Yes, both shapes started moving at exactly the same time.",1,1,1
data/sim_videos/fps30/int_0ms/fps30_int0_af_0013.mp4,0,30,red,square,blue,circle,True,True,"Yes, both shapes started moving at exactly the same time.",1,1,1
data/sim_videos/fps30/int_0ms/fps30_int0_bf_0014.mp4,0,30,blue,square,green,circle,False,True,"Yes, both shapes started moving at exactly the same time.",1,1,1
data/sim_videos/fps30/int_0ms/fps30_int0_bf_0015.mp4,0,30,green,circle,red,square,False,True,"Yes, both shapes started moving at exactly the same time.",1,1,1
data/sim_videos/fps30/int_0ms/fps30_int0_bf_0016.mp4,0,30,green,circle,red,square,False,True,"Yes, both shapes started moving at exactly the same time.",1,1,1
data/sim_videos/fps30/int_0ms/fps30_int0_af_0017.mp4,0,30,green,circle,red,square,True,True,"Yes, both shapes started moving at exactly the same time.",1,1,1
data/sim_videos/fps30/int_0ms/fps30_int0_af_0018.mp4,0,30,red,square,blue,circle,True,True,"Yes, both shapes started moving at exactly the same time.",1,1,1
data/sim_videos/fps30/int_0ms/fps30_int0_bf_0019.mp4,0,30,red,square,blue,circle,False,True,"Yes, both shapes started moving at exactly the same time.",1,1,1
data/sim_videos/fps30/int_0ms/fps30_int0_bf_0020.mp4,0,30,blue,square,green,circle,False,True,"Yes, both shapes started moving at exactly the same time.",1,1,1
data/sim_videos/fps30/int_0ms/fps30_int0_bf_0021.mp4,0,30,red,square,blue,circle,False,True,"Yes, both shapes started moving at exactly the same time.",1,1,1
data/sim_videos/fps30/int_0ms/fps30_int0_af_0022.mp4,0,30,red,square,blue,circle,True,True,"Yes, both shapes started moving at exactly the same time.",1,1,1
data/sim_videos/fps30/int_0ms/fps30_int0_af_0023.mp4,0,30,blue,square,green,circle,True,True,"Yes, both shapes started moving at exactly the same time.",1,1,1
data/sim_videos/fps30/int_0ms/fps30_int0_af_0024.mp4,0,30,red,square,blue,circle,True,True,"Yes, both shapes started moving at exactly the same time.",1,1,1
data/sim_videos/fps30/int_0ms/fps30_int0_bf_0025.mp4,0,30,green,circle,red,square,False,True,"Yes, both shapes started moving at exactly the same time.",1,1,1
data/sim_videos/fps30/int_0ms/fps30_int0_af_0026.mp4,0,30,green,circle,red,square,True,True,"Yes, both shapes started moving at exactly the same time.",1,1,1
data/sim_videos/fps30/int_0ms/fps30_int0_af_0027.mp4,0,30,green,circle,red,square,True,True,"Yes, both shapes started moving at exactly the same time.",1,1,1
data/sim_videos/fps30/int_0ms/fps30_int0_af_0028.mp4,0,30,red,square,blue,circle,True,True,"Yes, both shapes started moving at exactly the same time.",1,1,1
data/sim_videos/fps30/int_0ms/fps30_int0_bf_0029.mp4,0,30,green,circle,red,square,False,True,"Yes, both shapes started moving at exactly the same time.",1,1,1
data/sim_videos/fps30/int_0ms/fps30_int0_bf_0030.mp4,0,30,red,square,blue,circle,False,True,"Yes, both shapes started moving at exactly the same time.",1,1,1
data/sim_videos/fps30/int_0ms/fps30_int0_bf_0031.mp4,0,30,green,circle,red,square,False,True,"Yes, both shapes started moving at exactly the same time.",1,1,1
data/sim_videos/fps30/int_0ms/fps30_int0_bf_0032.mp4,0,30,green,circle,red,square,False,True,"Yes, both shapes started moving at exactly the same time.",1,1,1
data/sim_videos/fps30/int_0ms/fps30_int0_af_0033.mp4,0,30,red,square,blue,circle,True,True,"Yes, both shapes started moving at exactly the same time.",1,1,1
data/sim_videos/fps30/int_0ms/fps30_int0_af_0034.mp4,0,30,green,circle,red,square,True,True,"Yes, both shapes started moving at exactly the same time.",1,1,1
data/sim_videos/fps30/int_0ms/fps30_int0_af_0035.mp4,0,30,green,circle,red,square,True,True,"Yes, both shapes started moving at exactly the same time.",1,1,1
data/sim_videos/fps30/int_0ms/fps30_int0_af_0036.mp4,0,30,red,square,blue,circle,True,True,"Yes, both shapes started moving at exactly the same time.",1,1,1
data/sim_videos/fps30/int_0ms/fps30_int0_bf_0037.mp4,0,30,red,square,blue,circle,False,True,"Yes, both shapes started moving at exactly the same time.",1,1,1
data/sim_videos/fps30/int_0ms/fps30_int0_af_0038.mp4,0,30,blue,square,green,circle,True,True,"Yes, both shapes started moving at exactly the same time.",1,1,1
data/sim_videos/fps30/int_0ms/fps30_int0_af_0039.mp4,0,30,red,square,blue,circle,True,True,"Yes, both shapes started moving at exactly the same time.",1,1,1
data/sim_videos/fps30/int_0ms/fps30_int0_bf_0040.mp4,0,30,red,square,blue,circle,False,True,"Yes, both shapes started moving at exactly the same time.",1,1,1
data/sim_videos/fps30/int_0ms/fps30_int0_af_0041.mp4,0,30,green,circle,red,square,True,True,"Yes, both shapes started moving at exactly the same time.",1,1,1
data/sim_videos/fps30/int_0ms/fps30_int0_bf_0042.mp4,0,30,red,square,blue,circle,False,True,"Yes, both shapes started moving at exactly the same time.",1,1,1
data/sim_videos/fps30/int_0ms/fps30_int0_bf_0043.mp4,0,30,green,circle,red,square,False,True,"Yes, both shapes started moving at exactly the same time.",1,1,1
data/sim_videos/fps30/int_0ms/fps30_int0_af_0044.mp4,0,30,green,circle,red,square,True,True,"Yes, both shapes started moving at exactly the same time.",1,1,1
data/sim_videos/fps30/int_0ms/fps30_int0_bf_0045.mp4,0,30,green,circle,red,square,False,True,"Yes, both shapes started moving at exactly the same time.",1,1,1
data/sim_videos/fps30/int_0ms/fps30_int0_af_0046.mp4,0,30,red,square,blue,circle,True,True,"Yes, both shapes started moving at exactly the same time.",1,1,1
data/sim_videos/fps30/int_0ms/fps30_int0_af_0047.mp4,0,30,green,circle,red,square,True,True,"Yes, both shapes started moving at exactly the same time.",1,1,1
data/sim_videos/fps30/int_0ms/fps30_int0_bf_0048.mp4,0,30,blue,square,green,circle,False,True,"Yes, both shapes started moving at exactly the same time.",1,1,1
data/sim_videos/fps30/int_0ms/fps30_int0_bf_0049.mp4,0,30,green,circle,red,square,False,True,"Yes, both shapes started moving at exactly the same time.",1,1,1
data/sim_videos/fps30/int_0ms/fps30_int0_bf_0050.mp4,0,30,blue,square,green,circle,False,True,"Yes, both shapes started moving at exactly the same time.",1,1,1
data/sim_videos/fps30/int_0ms/fps30_int0_bf_0051.mp4,0,30,red,square,blue,circle,False,True,"Yes, both shapes started moving at exactly the same time.",1,1,1
data/sim_videos/fps30/int_0ms/fps30_int0_bf_0052.mp4,0,30,green,circle,red,square,False,True,"Yes, both shapes started moving at exactly the same time.",1,1,1
data/sim_videos/fps30/int_0ms/fps30_int0_bf_0053.mp4,0,30,green,circle,red,square,False,True,"Yes, both shapes started moving at exactly the same time.",1,1,1
data/sim_videos/fps30/int_0ms/fps30_int0_bf_0054.mp4,0,30,green,circle,red,square,False,True,"Yes, both shapes started moving at exactly the same time.",1,1,1
data/sim_videos/fps30/int_0ms/fps30_int0_bf_0055.mp4,0,30,red,square,blue,circle,False,True,"Yes, both shapes started moving at exactly the same time.",1,1,1
data/sim_videos/fps30/int_0ms/fps30_int0_af_0056.mp4,0,30,green,circle,red,square,True,True,"Yes, both shapes started moving at exactly the same time.",1,1,1
data/sim_videos/fps30/int_0ms/fps30_int0_af_0057.mp4,0,30,green,circle,red,square,True,True,"Yes, both shapes started moving at exactly the same time.",1,1,1
data/sim_videos/fps30/int_0ms/fps30_int0_bf_0058.mp4,0,30,red,square,blue,circle,False,True,"Yes, both shapes started moving at exactly the same time.",1,1,1
data/sim_videos/fps30/int_0ms/fps30_int0_af_0059.mp4,0,30,green,circle,red,square,True,True,"Yes, both shapes started moving at exactly the same time.",1,1,1
data/sim_videos/fps30/int_0ms/fps30_int0_bf_0060.mp4,0,30,green,circle,red,square,False,True,"Yes, both shapes started moving at exactly the same time.",1,1,1
data/sim_videos/fps30/int_0ms/fps30_int0_bf_0061.mp4,0,30,green,circle,red,square,False,True,"Yes, both shapes started moving at exactly the same time.",1,1,1
data/sim_videos/fps30/int_0ms/fps30_int0_af_0062.mp4,0,30,blue,square,green,circle,True,True,"Yes, both shapes started moving at exactly the same time.",1,1,1
data/sim_videos/fps30/int_0ms/fps30_int0_af_0063.mp4,0,30,red,square,blue,circle,True,True,"Yes, both shapes started moving at exactly the same time.",1,1,1
data/sim_videos/fps30/int_0ms/fps30_int0_af_0064.mp4,0,30,blue,square,green,circle,True,True,"Yes, both shapes started moving at exactly the same time.",1,1,1
data/sim_videos/fps30/int_0ms/fps30_int0_af_0065.mp4,0,30,green,circle,red,square,True,True,"Yes, both shapes started moving at exactly the same time.",1,1,1
data/sim_videos/fps30/int_0ms/fps30_int0_bf_0066.mp4,0,30,red,square,blue,circle,False,True,"Yes, both shapes started moving at exactly the same time.",1,1,1
data/sim_videos/fps30/int_0ms/fps30_int0_af_0067.mp4,0,30,red,square,blue,circle,True,True,"Yes, both shapes started moving at exactly the same time.",1,1,1
data/sim_videos/fps30/int_0ms/fps30_int0_bf_0068.mp4,0,30,red,square,blue,circle,False,True,"Yes, both shapes started moving at exactly the same time.",1,1,1
data/sim_videos/fps30/int_0ms/fps30_int0_bf_0069.mp4,0,30,green,circle,red,square,False,True,"Yes, both shapes started moving at exactly the same time.",1,1,1
data/sim_videos/fps30/int_0ms/fps30_int0_bf_0070.mp4,0,30,green,circle,red,square,False,True,"Yes, both shapes started moving at exactly the same time.",1,1,1
data/sim_videos/fps30/int_0ms/fps30_int0_af_0071.mp4,0,30,blue,square,green,circle,True,True,"Yes, both shapes started moving at exactly the same time.",1,1,1
data/sim_videos/fps30/int_0ms/fps30_int0_bf_0072.mp4,0,30,green,circle,red,square,False,True,"Yes, both shapes started moving at exactly the same time.",1,1,1
data/sim_videos/fps30/int_0ms/fps30_int0_af_0073.mp4,0,30,red,square,blue,circle,True,True,"Yes, both shapes started moving at exactly the same time.",1,1,1
data/sim_videos/fps30/int_0ms/fps30_int0_bf_0074.mp4,0,30,red,square,blue,circle,False,True,"Yes, both shapes started moving at exactly the same time.",1,1,1
data/sim_videos/fps30/int_0ms/fps30_int0_af_0075.mp4,0,30,red,square,blue,circle,True,True,"Yes, both shapes started moving at exactly the same time.",1,1,1
data/sim_videos/fps30/int_0ms/fps30_int0_bf_0076.mp4,0,30,green,circle,red,square,False,True,"Yes, both shapes started moving at exactly the same time.",1,1,1
data/sim_videos/fps30/int_0ms/fps30_int0_bf_0077.mp4,0,30,green,circle,red,square,False,True,"Yes, both shapes started moving at exactly the same time.",1,1,1
data/sim_videos/fps30/int_0ms/fps30_int0_af_0078.mp4,0,30,red,square,blue,circle,True,True,"Yes, both shapes started moving at exactly the same time.",1,1,1
data/sim_videos/fps30/int_0ms/fps30_int0_af_0079.mp4,0,30,blue,square,green,circle,True,True,"Yes, both shapes started moving at exactly the same time.",1,1,1
data/sim_videos/fps30/int_0ms/fps30_int0_bf_0080.mp4,0,30,green,circle,red,square,False,True,"Yes, both shapes started moving at exactly the same time.",1,1,1
data/sim_videos/fps30/int_0ms/fps30_int0_bf_0081.mp4,0,30,red,square,blue,circle,False,True,"Yes, both shapes started moving at exactly the same time.",1,1,1
data/sim_videos/fps30/int_0ms/fps30_int0_af_0082.mp4,0,30,green,circle,red,square,True,True,"Yes, both shapes started moving at exactly the same time.",1,1,1
data/sim_videos/fps30/int_0ms/fps30_int0_bf_0083.mp4,0,30,red,square,blue,circle,False,True,"Yes, both shapes started moving at exactly the same time.",1,1,1
data/sim_videos/fps30/int_0ms/fps30_int0_af_0084.mp4,0,30,green,circle,red,square,True,True,"Yes, both shapes started moving at exactly the same time.",1,1,1
data/sim_videos/fps30/int_0ms/fps30_int0_af_0085.mp4,0,30,green,circle,red,square,True,True,"Yes, both shapes started moving at exactly the same time.",1,1,1
data/sim_videos/fps30/int_0ms/fps30_int0_af_0086.mp4,0,30,blue,square,green,circle,True,True,"Yes, both shapes started moving at exactly the same time.",1,1,1
data/sim_videos/fps30/int_0ms/fps30_int0_bf_0087.mp4,0,30,green,circle,red,square,False,True,"Yes, both shapes started moving at exactly the same time.",1,1,1
data/sim_videos/fps30/int_0ms/fps30_int0_af_0088.mp4,0,30,green,circle,red,square,True,True,"Yes, both shapes started moving at exactly the same time.",1,1,1
data/sim_videos/fps30/int_0ms/fps30_int0_af_0089.mp4,0,30,red,square,blue,circle,True,True,"Yes, both shapes started moving at exactly the same time.",1,1,1
data/sim_videos/fps30/int_0ms/fps30_int0_af_0090.mp4,0,30,green,circle,red,square,True,True,"Yes, both shapes started moving at exactly the same time.",1,1,1
data/sim_videos/fps30/int_0ms/fps30_int0_bf_0091.mp4,0,30,green,circle,red,square,False,True,"Yes, both shapes started moving at exactly the same time.",1,1,1
data/sim_videos/fps30/int_0ms/fps30_int0_af_0092.mp4,0,30,green,circle,red,square,True,True,"Yes, both shapes started moving at exactly the same time.",1,1,1
data/sim_videos/fps30/int_0ms/fps30_int0_af_0093.mp4,0,30,blue,square,green,circle,True,True,"Yes, both shapes started moving at exactly the same time.",1,1,1
data/sim_videos/fps30/int_0ms/fps30_int0_af_0094.mp4,0,30,blue,square,green,circle,True,True,"Yes, both shapes started moving at exactly the same time.",1,1,1
data/sim_videos/fps30/int_0ms/fps30_int0_bf_0095.mp4,0,30,green,circle,red,square,False,True,"Yes, both shapes started moving at exactly the same time.",1,1,1
data/sim_videos/fps30/int_0ms/fps30_int0_bf_0096.mp4,0,30,blue,square,green,circle,False,True,"Yes, both shapes started moving at exactly the same time.",1,1,1
data/sim_videos/fps30/int_0ms/fps30_int0_bf_0097.mp4,0,30,red,square,blue,circle,False,True,"Yes, both shapes started moving at exactly the same time.",1,1,1
data/sim_videos/fps30/int_0ms/fps30_int0_af_0098.mp4,0,30,green,circle,red,square,True,True,"Yes, both shapes started moving at exactly the same time.",1,1,1
data/sim_videos/fps30/int_0ms/fps30_int0_bf_0099.mp4,0,30,blue,square,green,circle,False,True,"Yes, both shapes started moving at exactly the same time.",1,1,1
data/sim_videos/fps30/int_33ms/fps30_int33_af_0000.mp4,33,30,red,square,blue,circle,True,False,"Yes, both shapes started moving at exactly the same time.",1,0,0
data/sim_videos/fps30/int_33ms/fps30_int33_bf_0001.mp4,33,30,red,square,blue,circle,False,False,"Yes, both shapes started moving at exactly the same time.",1,0,0
data/sim_videos/fps30/int_33ms/fps30_int33_af_0002.mp4,33,30,blue,square,green,circle,True,False,"Yes, both shapes started moving at exactly the same time.",1,0,0
data/sim_videos/fps30/int_33ms/fps30_int33_af_0003.mp4,33,30,red,square,blue,circle,True,False,"Yes, both shapes started moving at exactly the same time.",1,0,0
data/sim_videos/fps30/int_33ms/fps30_int33_bf_0004.mp4,33,30,red,square,blue,circle,False,False,"Yes, both shapes started moving at exactly the same time.",1,0,0
data/sim_videos/fps30/int_33ms/fps30_int33_af_0005.mp4,33,30,red,square,blue,circle,True,False,"Yes, both shapes started moving at exactly the same time.",1,0,0
data/sim_videos/fps30/int_33ms/fps30_int33_af_0006.mp4,33,30,green,circle,red,square,True,False,"Yes, both shapes started moving at exactly the same time.",1,0,0
data/sim_videos/fps30/int_33ms/fps30_int33_bf_0007.mp4,33,30,red,square,blue,circle,False,False,"Yes, both shapes started moving at exactly the same time.",1,0,0
data/sim_videos/fps30/int_33ms/fps30_int33_af_0008.mp4,33,30,blue,square,green,circle,True,False,"Yes, both shapes started moving at exactly the same time.",1,0,0
data/sim_videos/fps30/int_33ms/fps30_int33_bf_0009.mp4,33,30,blue,square,green,circle,False,False,"Yes, both shapes started moving at exactly the same time.",1,0,0
data/sim_videos/fps30/int_33ms/fps30_int33_bf_0010.mp4,33,30,green,circle,red,square,False,False,"Yes, both shapes started moving at exactly the same time.",1,0,0
data/sim_videos/fps30/int_33ms/fps30_int33_bf_0011.mp4,33,30,green,circle,red,square,False,False,"Yes, both shapes started moving at exactly the same time.",1,0,0
data/sim_videos/fps30/int_33ms/fps30_int33_bf_0012.mp4,33,30,blue,square,green,circle,False,False,"Yes, both shapes started moving at exactly the same time.",1,0,0
data/sim_videos/fps30/int_33ms/fps30_int33_bf_0013.mp4,33,30,green,circle,red,square,False,False,"Yes, both shapes started moving at exactly the same time.",1,0,0
data/sim_videos/fps30/int_33ms/fps30_int33_af_0014.mp4,33,30,green,circle,red,square,True,False,"Yes, both shapes started moving at exactly the same time.",1,0,0
data/sim_videos/fps30/int_33ms/fps30_int33_bf_0015.mp4,33,30,blue,square,green,circle,False,False,"Yes, both shapes started moving at exactly the same time.",1,0,0
data/sim_videos/fps30/int_33ms/fps30_int33_bf_0016.mp4,33,30,red,square,blue,circle,False,False,"Yes, both shapes started moving at exactly the same time.",1,0,0
data/sim_videos/fps30/int_33ms/fps30_int33_bf_0017.mp4,33,30,red,square,blue,circle,False,False,"Yes, both shapes started moving at exactly the same time.",1,0,0
data/sim_videos/fps30/int_33ms/fps30_int33_af_0018.mp4,33,30,green,circle,red,square,True,False,"Yes, both shapes started moving at exactly the same time.",1,0,0
data/sim_videos/fps30/int_33ms/fps30_int33_af_0019.mp4,33,30,green,circle,red,square,True,False,"Yes, both shapes started moving at exactly the same time.",1,0,0
data/sim_videos/fps30/int_33ms/fps30_int33_af_0020.mp4,33,30,blue,square,green,circle,True,False,"Yes, both shapes started moving at exactly the same time.",1,0,0
data/sim_videos/fps30/int_33ms/fps30_int33_bf_0021.mp4,33,30,red,square,blue,circle,False,False,"Yes, both shapes started moving at exactly the same time.",1,0,0
data/sim_videos/fps30/int_33ms/fps30_int33_bf_0022.mp4,33,30,green,circle,red,square,False,False,"Yes, both shapes started moving at exactly the same time.",1,0,0
data/sim_videos/fps30/int_33ms/fps30_int33_bf_0023.mp4,33,30,blue,square,green,circle,False,False,"Yes, both shapes started moving at exactly the same time.",1,0,0
data/sim_videos/fps30/int_33ms/fps30_int33_af_0024.mp4,33,30,red,square,blue,circle,True,False,"Yes, both shapes started moving at exactly the same time.",1,0,0
data/sim_videos/fps30/int_33ms/fps30_int33_af_0025.mp4,33,30,green,circle,red,square,True,False,"Yes, both shapes started moving at exactly the same time.",1,0,0
data/sim_videos/fps30/int_33ms/fps30_int33_af_0026.mp4,33,30,blue,square,green,circle,True,False,"Yes, both shapes started moving at exactly the same time.",1,0,0
data/sim_videos/fps30/int_33ms/fps30_int33_bf_0027.mp4,33,30,blue,square,green,circle,False,False,"Yes, both shapes started moving at exactly the same time.",1,0,0
data/sim_videos/fps30/int_33ms/fps30_int33_bf_0028.mp4,33,30,red,square,blue,circle,False,False,"Yes, both shapes started moving at exactly the same time.",1,0,0
data/sim_videos/fps30/int_33ms/fps30_int33_af_0029.mp4,33,30,red,square,blue,circle,True,False,"Yes, both shapes started moving at exactly the same time.",1,0,0
data/sim_videos/fps30/int_33ms/fps30_int33_bf_0030.mp4,33,30,blue,square,green,circle,False,False,"Yes, both shapes started moving at exactly the same time.",1,0,0
data/sim_videos/fps30/int_33ms/fps30_int33_bf_0031.mp4,33,30,blue,square,green,circle,False,False,"Yes, both shapes started moving at exactly the same time.",1,0,0
data/sim_videos/fps30/int_33ms/fps30_int33_af_0032.mp4,33,30,blue,square,green,circle,True,False,"Yes, both shapes started moving at exactly the same time.",1,0,0
data/sim_videos/fps30/int_33ms/fps30_int33_af_0033.mp4,33,30,green,circle,red,square,True,False,"Yes, both shapes started moving at exactly the same time.",1,0,0
data/sim_videos/fps30/int_33ms/fps30_int33_af_0034.mp4,33,30,green,circle,red,square,True,False,"Yes, both shapes started moving at exactly the same time.",1,0,0
data/sim_videos/fps30/int_33ms/fps30_int33_af_0035.mp4,33,30,red,square,blue,circle,True,False,"Yes, both shapes started moving at exactly the same time.",1,0,0
data/sim_videos/fps30/int_33ms/fps30_int33_af_0036.mp4,33,30,blue,square,green,circle,True,False,"Yes, both shapes started moving at exactly the same time.",1,0,0
data/sim_videos/fps30/int_33ms/fps30_int33_bf_0037.mp4,33,30,blue,square,green,circle,False,False,"Yes, both shapes started moving at exactly the same time.",1,0,0
data/sim_videos/fps30/int_33ms/fps30_int33_af_0038.mp4,33,30,red,square,blue,circle,True,False,"Yes, both shapes started moving at exactly the same time.",1,0,0
data/sim_videos/fps30/int_33ms/fps30_int33_bf_0039.mp4,33,30,green,circle,red,square,False,False,"Yes, both shapes started moving at exactly the same time.",1,0,0
data/sim_videos/fps30/int_33ms/fps30_int33_af_0040.mp4,33,30,blue,square,green,circle,True,False,"Yes, both shapes started moving at exactly the same time.",1,0,0
data/sim_videos/fps30/int_33ms/fps30_int33_bf_0041.mp4,33,30,red,square,blue,circle,False,False,"Yes, both shapes started moving at exactly the same time.",1,0,0
data/sim_videos/fps30/int_33ms/fps30_int33_bf_0042.mp4,33,30,green,circle,red,square,False,False,"Yes, both shapes started moving at exactly the same time.",1,0,0
data/sim_videos/fps30/int_33ms/fps30_int33_af_0043.mp4,33,30,blue,square,green,circle,True,False,"Yes, both shapes started moving at exactly the same time.",1,0,0
data/sim_videos/fps30/int_33ms/fps30_int33_bf_0044.mp4,33,30,blue,square,green,circle,False,False,"Yes, both shapes started moving at exactly the same time.",1,0,0
data/sim_videos/fps30/int_33ms/fps30_int33_bf_0045.mp4,33,30,blue,square,green,circle,False,False,"Yes, both shapes started moving at exactly the same time.",1,0,0
data/sim_videos/fps30/int_33ms/fps30_int33_bf_0046.mp4,33,30,green,circle,red,square,False,False,"Yes, both shapes started moving at exactly the same time.",1,0,0
data/sim_videos/fps30/int_33ms/fps30_int33_af_0047.mp4,33,30,red,square,blue,circle,True,False,"Yes, both shapes started moving at exactly the same time.",1,0,0
data/sim_videos/fps30/int_33ms/fps30_int33_af_0048.mp4,33,30,blue,square,green,circle,True,False,"Yes, both shapes started moving at exactly the same time.",1,0,0
data/sim_videos/fps30/int_33ms/fps30_int33_af_0049.mp4,33,30,red,square,blue,circle,True,False,"Yes, both shapes started moving at exactly the same time.",1,0,0
data/sim_videos/fps30/int_33ms/fps30_int33_af_0050.mp4,33,30,green,circle,red,square,True,False,"Yes, both shapes started moving at exactly the same time.",1,0,0
data/sim_videos/fps30/int_33ms/fps30_int33_af_0051.mp4,33,30,red,square,blue,circle,True,False,"Yes, both shapes started moving at exactly the same time.",1,0,0
data/sim_videos/fps30/int_33ms/fps30_int33_bf_0052.mp4,33,30,green,circle,red,square,False,False,"Yes, both shapes started moving at exactly the same time.",1,0,0
data/sim_videos/fps30/int_33ms/fps30_int33_bf_0053.mp4,33,30,red,square,blue,circle,False,False,"Yes, both shapes started moving at exactly the same time.",1,0,0
data/sim_videos/fps30/int_33ms/fps30_int33_af_0054.mp4,33,30,blue,square,green,circle,True,False,"Yes, both shapes started moving at exactly the same time.",1,0,0
data/sim_videos/fps30/int_33ms/fps30_int33_bf_0055.mp4,33,30,red,square,blue,circle,False,False,"Yes, both shapes started moving at exactly the same time.",1,0,0
data/sim_videos/fps30/int_33ms/fps30_int33_bf_0056.mp4,33,30,blue,square,green,circle,False,False,"Yes, both shapes started moving at exactly the same time.",1,0,0
data/sim_videos/fps30/int_33ms/fps30_int33_af_0057.mp4,33,30,blue,square,green,circle,True,False,"Yes, both shapes started moving at exactly the same time.",1,0,0
data/sim_videos/fps30/int_33ms/fps30_int33_bf_0058.mp4,33,30,green,circle,red,square,False,False,"Yes, both shapes started moving at exactly the same time.",1,0,0
data/sim_videos/fps30/int_33ms/fps30_int33_af_0059.mp4,33,30,red,square,blue,circle,True,False,"Yes, both shapes started moving at exactly the same time.",1,0,0
data/sim_videos/fps30/int_33ms/fps30_int33_bf_0060.mp4,33,30,red,square,blue,circle,False,False,"Yes, both shapes started moving at exactly the same time.",1,0,0
data/sim_videos/fps30/int_33ms/fps30_int33_bf_0061.mp4,33,30,red,square,blue,circle,False,False,"Yes, both shapes started moving at exactly the same time.",1,0,0
data/sim_videos/fps30/int_33ms/fps30_int33_bf_0062.mp4,33,30,red,square,blue,circle,False,False,"Yes, both shapes started moving at exactly the same time.",1,0,0
data/sim_videos/fps30/int_33ms/fps30_int33_bf_0063.mp4,33,30,blue,square,green,circle,False,False,"Yes, both shapes started moving at exactly the same time.",1,0,0
data/sim_videos/fps30/int_33ms/fps30_int33_af_0064.mp4,33,30,red,square,blue,circle,True,False,"Yes, both shapes started moving at exactly the same time.",1,0,0
data/sim_videos/fps30/int_33ms/fps30_int33_bf_0065.mp4,33,30,red,square,blue,circle,False,False,"Yes, both shapes started moving at exactly the same time.",1,0,0
data/sim_videos/fps30/int_33ms/fps30_int33_af_0066.mp4,33,30,red,square,blue,circle,True,False,"Yes, both shapes started moving at exactly the same time.",1,0,0
data/sim_videos/fps30/int_33ms/fps30_int33_bf_0067.mp4,33,30,green,circle,red,square,False,False,"Yes, both shapes started moving at exactly the same time.",1,0,0
data/sim_videos/fps30/int_33ms/fps30_int33_af_0068.mp4,33,30,blue,square,green,circle,True,False,"Yes, both shapes started moving at exactly the same time.",1,0,0
data/sim_videos/fps30/int_33ms/fps30_int33_bf_0069.mp4,33,30,red,square,blue,circle,False,False,"Yes, both shapes started moving at exactly the same time.",1,0,0
data/sim_videos/fps30/int_33ms/fps30_int33_bf_0070.mp4,33,30,red,square,blue,circle,False,False,"Yes, both shapes started moving at exactly the same time.",1,0,0
data/sim_videos/fps30/int_33ms/fps30_int33_bf_0071.mp4,33,30,green,circle,red,square,False,False,"Yes, both shapes started moving at exactly the same time.",1,0,0
data/sim_videos/fps30/int_33ms/fps30_int33_af_0072.mp4,33,30,blue,square,green,circle,True,False,"Yes, both shapes started moving at exactly the same time.",1,0,0
data/sim_videos/fps30/int_33ms/fps30_int33_af_0073.mp4,33,30,green,circle,red,square,True,False,"Yes, both shapes started moving at exactly the same time.",1,0,0
data/sim_videos/fps30/int_33ms/fps30_int33_af_0074.mp4,33,30,blue,square,green,circle,True,False,"Yes, both shapes started moving at exactly the same time.",1,0,0
data/sim_videos/fps30/int_33ms/fps30_int33_af_0075.mp4,33,30,green,circle,red,square,True,False,"Yes, both shapes started moving at exactly the same time.",1,0,0
data/sim_videos/fps30/int_33ms/fps30_int33_bf_0076.mp4,33,30,green,circle,red,square,False,False,"Yes, both shapes started moving at exactly the same time.",1,0,0
data/sim_videos/fps30/int_33ms/fps30_int33_af_0077.mp4,33,30,red,square,blue,circle,True,False,"Yes, both shapes started moving at exactly the same time.",1,0,0
data/sim_videos/fps30/int_33ms/fps30_int33_bf_0078.mp4,33,30,red,square,blue,circle,False,False,"Yes, both shapes started moving at exactly the same time.",1,0,0
data/sim_videos/fps30/int_33ms/fps30_int33_bf_0079.mp4,33,30,red,square,blue,circle,False,False,"Yes, both shapes started moving at exactly the same time.",1,0,0
data/sim_videos/fps30/int_33ms/fps30_int33_bf_0080.mp4,33,30,green,circle,red,square,False,False,"Yes, both shapes started moving at exactly the same time.",1,0,0
data/sim_videos/fps30/int_33ms/fps30_int33_af_0081.mp4,33,30,red,square,blue,circle,True,False,"Yes, both shapes started moving at exactly the same time.",1,0,0
data/sim_videos/fps30/int_33ms/fps30_int33_bf_0082.mp4,33,30,red,square,blue,circle,False,False,"Yes, both shapes started moving at exactly the same time.",1,0,0
data/sim_videos/fps30/int_33ms/fps30_int33_af_0083.mp4,33,30,red,square,blue,circle,True,False,"Yes, both shapes started moving at exactly the same time.",1,0,0
data/sim_videos/fps30/int_33ms/fps30_int33_bf_0084.mp4,33,30,red,square,blue,circle,False,False,"Yes, both shapes started moving at exactly the same time.",1,0,0
data/sim_videos/fps30/int_33ms/fps30_int33_af_0085.mp4,33,30,green,circle,red,square,True,False,"Yes, both shapes started moving at exactly the same time.",1,0,0
data/sim_videos/fps30/int_33ms/fps30_int33_bf_0086.mp4,33,30,blue,square,green,circle,False,False,"Yes, both shapes started moving at exactly the same time.",1,0,0
data/sim_videos/fps30/int_33ms/fps30_int33_af_0087.mp4,33,30,red,square,blue,circle,True,False,"Yes, both shapes started moving at exactly the same time.",1,0,0
data/sim_videos/fps30/int_33ms/fps30_int33_bf_0088.mp4,33,30,green,circle,red,square,False,False,"Yes, both shapes started moving at exactly the same time.",1,0,0
data/sim_videos/fps30/int_33ms/fps30_int33_bf_0089.mp4,33,30,blue,square,green,circle,False,False,"Yes, both shapes started moving at exactly the same time.",1,0,0
data/sim_videos/fps30/int_33ms/fps30_int33_af_0090.mp4,33,30,blue,square,green,circle,True,False,"Yes, both shapes started moving at exactly the same time.",1,0,0
data/sim_videos/fps30/int_33ms/fps30_int33_bf_0091.mp4,33,30,green,circle,red,square,False,False,"Yes, both shapes started moving at exactly the same time.",1,0,0
data/sim_videos/fps30/int_33ms/fps30_int33_af_0092.mp4,33,30,green,circle,red,square,True,False,"Yes, both shapes started moving at exactly the same time.",1,0,0
data/sim_videos/fps30/int_33ms/fps30_int33_af_0093.mp4,33,30,green,circle,red,square,True,False,"Yes, both shapes started moving at exactly the same time.",1,0,0
data/sim_videos/fps30/int_33ms/fps30_int33_af_0094.mp4,33,30,blue,square,green,circle,True,False,"Yes, both shapes started moving at exactly the same time.",1,0,0
data/sim_videos/fps30/int_33ms/fps30_int33_bf_0095.mp4,33,30,blue,square,green,circle,False,False,"Yes, both shapes started moving at exactly the same time.",1,0,0
data/sim_videos/fps30/int_33ms/fps30_int33_af_0096.mp4,33,30,blue,square,green,circle,True,False,"Yes, both shapes started moving at exactly the same time.",1,0,0
data/sim_videos/fps30/int_33ms/fps30_int33_af_0097.mp4,33,30,blue,square,green,circle,True,False,"Yes, both shapes started moving at exactly the same time.",1,0,0
data/sim_videos/fps30/int_33ms/fps30_int33_bf_0098.mp4,33,30,blue,square,green,circle,False,False,"Yes, both shapes started moving at exactly the same time.",1,0,0
data/sim_videos/fps30/int_33ms/fps30_int33_bf_0099.mp4,33,30,green,circle,red,square,False,False,"Yes, both shapes started moving at exactly the same time.",1,0,0
data/sim_videos/fps30/int_67ms/fps30_int67_bf_0000.mp4,67,30,blue,square,green,circle,False,False,"Yes, both shapes started moving at exactly the same time.",1,0,0
data/sim_videos/fps30/int_67ms/fps30_int67_af_0001.mp4,67,30,green,circle,red,square,True,False,"Yes, both shapes started moving at exactly the same time.",1,0,0
data/sim_videos/fps30/int_67ms/fps30_int67_bf_0002.mp4,67,30,red,square,blue,circle,False,False,"Yes, both shapes started moving at exactly the same time.",1,0,0
data/sim_videos/fps30/int_67ms/fps30_int67_bf_0003.mp4,67,30,red,square,blue,circle,False,False,"Yes, both shapes started moving at exactly the same time.",1,0,0
data/sim_videos/fps30/int_67ms/fps30_int67_af_0004.mp4,67,30,red,square,blue,circle,True,False,"Yes, both shapes started moving at exactly the same time.",1,0,0
data/sim_videos/fps30/int_67ms/fps30_int67_af_0005.mp4,67,30,green,circle,red,square,True,False,"Yes, both shapes started moving at exactly the same time.",1,0,0
data/sim_videos/fps30/int_67ms/fps30_int67_bf_0006.mp4,67,30,red,square,blue,circle,False,False,"Yes, both shapes started moving at exactly the same time.",1,0,0
data/sim_videos/fps30/int_67ms/fps30_int67_af_0007.mp4,67,30,blue,square,green,circle,True,False,"Yes, both shapes started moving at exactly the same time.",1,0,0
data/sim_videos/fps30/int_67ms/fps30_int67_bf_0008.mp4,67,30,green,circle,red,square,False,False,"Yes, both shapes started moving at exactly the same time.",1,0,0
data/sim_videos/fps30/int_67ms/fps30_int67_af_0009.mp4,67,30,red,square,blue,circle,True,False,"Yes, both shapes started moving at exactly the same time.",1,0,0
data/sim_videos/fps30/int_67ms/fps30_int67_af_0010.mp4,67,30,green,circle,red,square,True,False,"Yes, both shapes started moving at exactly the same time.",1,0,0
data/sim_videos/fps30/int_67ms/fps30_int67_af_0011.mp4,67,30,green,circle,red,square,True,False,"Yes, both shapes started moving at exactly the same time.",1,0,0
data/sim_videos/fps30/int_67ms/fps30_int67_bf_0012.mp4,67,30,blue,square,green,circle,False,False,"Yes, both shapes started moving at exactly the same time.",1,0,0
data/sim_videos/fps30/int_67ms/fps30_int67_af_0013.mp4,67,30,blue,square,green,circle,True,False,"Yes, both shapes started moving at exactly the same time.",1,0,0
data/sim_videos/fps30/int_67ms/fps30_int67_af_0014.mp4,67,30,blue,square,green,circle,True,False,"Yes, both shapes started moving at exactly the same time.",1,0,0
data/sim_videos/fps30/int_67ms/fps30_int67_af_0015.mp4,67,30,blue,square,green,circle,True,False,"Yes, both shapes started moving at exactly the same time.",1,0,0
data/sim_videos/fps30/int_67ms/fps30_int67_af_0016.mp4,67,30,red,square,blue,circle,True,False,"Yes, both shapes started moving at exactly the same time.",1,0,0
data/sim_videos/fps30/int_67ms/fps30_int67_bf_0017.mp4,67,30,green,circle,red,square,False,False,"Yes, both shapes started moving at exactly the same time.",1,0,0
data/sim_videos/fps30/int_67ms/fps30_int67_bf_0018.mp4,67,30,blue,square,green,circle,False,False,"Yes, both shapes started moving at exactly the same time.",1,0,0
data/sim_videos/fps30/int_67ms/fps30_int67_af_0019.mp4,67,30,red,square,blue,circle,True,False,"Yes, both shapes started moving at exactly the same time.",1,0,0
data/sim_videos/fps30/int_67ms/fps30_int67_bf_0020.mp4,67,30,blue,square,green,circle,False,False,"Yes, both shapes started moving at exactly the same time.",1,0,0
data/sim_videos/fps30/int_67ms/fps30_int67_af_0021.mp4,67,30,red,square,blue,circle,True,False,"Yes, both shapes started moving at exactly the same time.",1,0,0
data/sim_videos/fps30/int_67ms/fps30_int67_bf_0022.mp4,67,30,red,square,blue,circle,False,False,"Yes, both shapes started moving at exactly the same time.",1,0,0
data/sim_videos/fps30/int_67ms/fps30_int67_bf_0023.mp4,67,30,green,circle,red,square,False,False,"Yes, both shapes started moving at exactly the same time.",1,0,0
data/sim_videos/fps30/int_67ms/fps30_int67_bf_0024.mp4,67,30,red,square,blue,circle,False,False,"Yes, both shapes started moving at exactly the same time.",1,0,0
data/sim_videos/fps30/int_67ms/fps30_int67_af_0025.mp4,67,30,red,square,blue,circle,True,False,"Yes, both shapes started moving at exactly the same time.",1,0,0
data/sim_videos/fps30/int_67ms/fps30_int67_af_0026.mp4,67,30,blue,square,green,circle,True,False,"Yes, both shapes started moving at exactly the same time.",1,0,0
data/sim_videos/fps30/int_67ms/fps30_int67_af_0027.mp4,67,30,blue,square,green,circle,True,False,"Yes, both shapes started moving at exactly the same time.",1,0,0
data/sim_videos/fps30/int_67ms/fps30_int67_af_0028.mp4,67,30,red,square,blue,circle,True,False,"Yes, both shapes started moving at exactly the same time.",1,0,0
data/sim_videos/fps30/int_67ms/fps30_int67_bf_0029.mp4,67,30,red,square,blue,circle,False,False,"Yes, both shapes started moving at exactly the same time.",1,0,0
data/sim_videos/fps30/int_67ms/fps30_int67_af_0030.mp4,67,30,blue,square,green,circle,True,False,"Yes, both shapes started moving at exactly the same time.",1,0,0
data/sim_videos/fps30/int_67ms/fps30_int67_af_0031.mp4,67,30,blue,square,green,circle,True,False,"Yes, both shapes started moving at exactly the same time.",1,0,0
data/sim_videos/fps30/int_67ms/fps30_int67_af_0032.mp4,67,30,blue,square,green,circle,True,False,"Yes, both shapes started moving at exactly the same time.",1,0,0
data/sim_videos/fps30/int_67ms/fps30_int67_bf_0033.mp4,67,30,blue,square,green,circle,False,False,"Yes, both shapes started moving at exactly the same time.",1,0,0
data/sim_videos/fps30/int_67ms/fps30_int67_af_0034.mp4,67,30,green,circle,red,square,True,False,"Yes, both shapes started moving at exactly the same time.",1,0,0
data/sim_videos/fps30/int_67ms/fps30_int67_bf_0035.mp4,67,30,red,square,blue,circle,False,False,"Yes, both shapes started moving at exactly the same time.",1,0,0
data/sim_videos/fps30/int_67ms/fps30_int67_af_0036.mp4,67,30,green,circle,red,square,True,False,"Yes, both shapes started moving at exactly the same time.",1,0,0
data/sim_videos/fps30/int_67ms/fps30_int67_af_0037.mp4,67,30,red,square,blue,circle,True,False,"Yes, both shapes started moving at exactly the same time.",1,0,0
data/sim_videos/fps30/int_67ms/fps30_int67_bf_0038.mp4,67,30,green,circle,red,square,False,False,"Yes, both shapes started moving at exactly the same time.",1,0,0
data/sim_videos/fps30/int_67ms/fps30_int67_af_0039.mp4,67,30,red,square,blue,circle,True,False,"Yes, both shapes started moving at exactly the same time.",1,0,0
data/sim_videos/fps30/int_67ms/fps30_int67_bf_0040.mp4,67,30,red,square,blue,circle,False,False,"Yes, both shapes started moving at exactly the same time.",1,0,0
data/sim_videos/fps30/int_67ms/fps30_int67_af_0041.mp4,67,30,blue,square,green,circle,True,False,"Yes, both shapes started moving at exactly the same time.",1,0,0
data/sim_videos/fps30/int_67ms/fps30_int67_af_0042.mp4,67,30,red,square,blue,circle,True,False,"Yes, both shapes started moving at exactly the same time.",1,0,0
data/sim_videos/fps30/int_67ms/fps30_int67_bf_0043.mp4,67,30,green,circle,red,square,False,False,"Yes, both shapes started moving at exactly the same time.",1,0,0
data/sim_videos/fps30/int_67ms/fps30_int67_bf_0044.mp4,67,30,blue,square,green,circle,False,False,"Yes, both shapes started moving at exactly the same time.",1,0,0
data/sim_videos/fps30/int_67ms/fps30_int67_bf_0045.mp4,67,30,red,square,blue,circle,False,False,"Yes, both shapes started moving at exactly the same time.",1,0,0
data/sim_videos/fps30/int_67ms/fps30_int67_bf_0046.mp4,67,30,blue,square,green,circle,False,False,"Yes, both shapes started moving at exactly the same time.",1,0,0
data/sim_videos/fps30/int_67ms/fps30_int67_bf_0047.mp4,67,30,red,square,blue,circle,False,False,"Yes, both shapes started moving at exactly the same time.",1,0,0
data/sim_videos/fps30/int_67ms/fps30_int67_bf_0048.mp4,67,30,green,circle,red,square,False,False,"Yes, both shapes started moving at exactly the same time.",1,0,0
data/sim_videos/fps30/int_67ms/fps30_int67_af_0049.mp4,67,30,green,circle,red,square,True,False,"Yes, both shapes started moving at exactly the same time.",1,0,0
data/sim_videos/fps30/int_67ms/fps30_int67_bf_0050.mp4,67,30,green,circle,red,square,False,False,"Yes, both shapes started moving at exactly the same time.",1,0,0
data/sim_videos/fps30/int_67ms/fps30_int67_bf_0051.mp4,67,30,blue,square,green,circle,False,False,"Yes, both shapes started moving at exactly the same time.",1,0,0
data/sim_videos/fps30/int_67ms/fps30_int67_bf_0052.mp4,67,30,green,circle,red,square,False,False,"Yes, both shapes started moving at exactly the same time.",1,0,0
data/sim_videos/fps30/int_67ms/fps30_int67_af_0053.mp4,67,30,red,square,blue,circle,True,False,"Yes, both shapes started moving at exactly the same time.",1,0,0
data/sim_videos/fps30/int_67ms/fps30_int67_af_0054.mp4,67,30,green,circle,red,square,True,False,"Yes, both shapes started moving at exactly the same time.",1,0,0
data/sim_videos/fps30/int_67ms/fps30_int67_bf_0055.mp4,67,30,green,circle,red,square,False,False,"Yes, both shapes started moving at exactly the same time.",1,0,0
data/sim_videos/fps30/int_67ms/fps30_int67_af_0056.mp4,67,30,red,square,blue,circle,True,False,"Yes, both shapes started moving at exactly the same time.",1,0,0
data/sim_videos/fps30/int_67ms/fps30_int67_af_0057.mp4,67,30,green,circle,red,square,True,False,"Yes, both shapes started moving at exactly the same time.",1,0,0
data/sim_videos/fps30/int_67ms/fps30_int67_af_0058.mp4,67,30,red,square,blue,circle,True,False,"Yes, both shapes started moving at exactly the same time.",1,0,0
data/sim_videos/fps30/int_67ms/fps30_int67_af_0059.mp4,67,30,red,square,blue,circle,True,False,"Yes, both shapes started moving at exactly the same time.",1,0,0
data/sim_videos/fps30/int_67ms/fps30_int67_bf_0060.mp4,67,30,green,circle,red,square,False,False,"Yes, both shapes started moving at exactly the same time.",1,0,0
data/sim_videos/fps30/int_67ms/fps30_int67_bf_0061.mp4,67,30,red,square,blue,circle,False,False,"Yes, both shapes started moving at exactly the same time.",1,0,0
data/sim_videos/fps30/int_67ms/fps30_int67_af_0062.mp4,67,30,blue,square,green,circle,True,False,"Yes, both shapes started moving at exactly the same time.",1,0,0
data/sim_videos/fps30/int_67ms/fps30_int67_af_0063.mp4,67,30,green,circle,red,square,True,False,"Yes, both shapes started moving at exactly the same time.",1,0,0
data/sim_videos/fps30/int_67ms/fps30_int67_af_0064.mp4,67,30,blue,square,green,circle,True,False,"Yes, both shapes started moving at exactly the same time.",1,0,0
data/sim_videos/fps30/int_67ms/fps30_int67_af_0065.mp4,67,30,red,square,blue,circle,True,False,"Yes, both shapes started moving at exactly the same time.",1,0,0
data/sim_videos/fps30/int_67ms/fps30_int67_bf_0066.mp4,67,30,red,square,blue,circle,False,False,"Yes, both shapes started moving at exactly the same time.",1,0,0
data/sim_videos/fps30/int_67ms/fps30_int67_af_0067.mp4,67,30,blue,square,green,circle,True,False,"Yes, both shapes started moving at exactly the same time.",1,0,0
data/sim_videos/fps30/int_67ms/fps30_int67_af_0068.mp4,67,30,blue,square,green,circle,True,False,"Yes, both shapes started moving at exactly the same time.",1,0,0
data/sim_videos/fps30/int_67ms/fps30_int67_af_0069.mp4,67,30,red,square,blue,circle,True,False,"Yes, both shapes started moving at exactly the same time.",1,0,0
data/sim_videos/fps30/int_67ms/fps30_int67_af_0070.mp4,67,30,green,circle,red,square,True,False,"Yes, both shapes started moving at exactly the same time.",1,0,0
data/sim_videos/fps30/int_67ms/fps30_int67_bf_0071.mp4,67,30,green,circle,red,square,False,False,"Yes, both shapes started moving at exactly the same time.",1,0,0
data/sim_videos/fps30/int_67ms/fps30_int67_af_0072.mp4,67,30,red,square,blue,circle,True,False,"Yes, both shapes started moving at exactly the same time.",1,0,0
data/sim_videos/fps30/int_67ms/fps30_int67_af_0073.mp4,67,30,blue,square,green,circle,True,False,"Yes, both shapes started moving at exactly the same time.",1,0,0
data/sim_videos/fps30/int_67ms/fps30_int67_bf_0074.mp4,67,30,red,square,blue,circle,False,False,"Yes, both shapes started moving at exactly the same time.",1,0,0
data/sim_videos/fps30/int_67ms/fps30_int67_af_0075.mp4,67,30,green,circle,red,square,True,False,"Yes, both shapes started moving at exactly the same time.",1,0,0
data/sim_videos/fps30/int_67ms/fps30_int67_af_0076.mp4,67,30,green,circle,red,square,True,False,"Yes, both shapes started moving at exactly the same time.",1,0,0
data/sim_videos/fps30/int_67ms/fps30_int67_bf_0077.mp4,67,30,blue,square,green,circle,False,False,"Yes, both shapes started moving at exactly the same time.",1,0,0
data/sim_videos/fps30/int_67ms/fps30_int67_af_0078.mp4,67,30,red,square,blue,circle,True,False,"Yes, both shapes started moving at exactly the same time.",1,0,0
data/sim_videos/fps30/int_67ms/fps30_int67_af_0079.mp4,67,30,green,circle,red,square,True,False,"Yes, both shapes started moving at exactly the same time.",1,0,0
data/sim_videos/fps30/int_67ms/fps30_int67_af_0080.mp4,67,30,green,circle,red,square,True,False,"Yes, both shapes started moving at exactly the same time.",1,0,0
data/sim_videos/fps30/int_67ms/fps30_int67_af_0081.mp4,67,30,blue,square,green,circle,True,False,"Yes, both shapes started moving at exactly the same time.",1,0,0
data/sim_videos/fps30/int_67ms/fps30_int67_af_0082.mp4,67,30,red,square,blue,circle,True,False,"Yes, both shapes started moving at exactly the same time.",1,0,0
data/sim_videos/fps30/int_67ms/fps30_int67_af_0083.mp4,67,30,green,circle,red,square,True,False,"Yes, both shapes started moving at exactly the same time.",1,0,0
data/sim_videos/fps30/int_67ms/fps30_int67_af_0084.mp4,67,30,green,circle,red,square,True,False,"Yes, both shapes started moving at exactly the same time.",1,0,0
data/sim_videos/fps30/int_67ms/fps30_int67_bf_0085.mp4,67,30,red,square,blue,circle,False,False,"Yes, both shapes started moving at exactly the same time.",1,0,0
data/sim_videos/fps30/int_67ms/fps30_int67_bf_0086.mp4,67,30,red,square,blue,circle,False,False,"Yes, both shapes started moving at exactly the same time.",1,0,0
data/sim_videos/fps30/int_67ms/fps30_int67_af_0087.mp4,67,30,blue,square,green,circle,True,False,"Yes, both shapes started moving at exactly the same time.",1,0,0
data/sim_videos/fps30/int_67ms/fps30_int67_bf_0088.mp4,67,30,green,circle,red,square,False,False,"Yes, both shapes started moving at exactly the same time.",1,0,0
data/sim_videos/fps30/int_67ms/fps30_int67_bf_0089.mp4,67,30,blue,square,green,circle,False,False,"Yes, both shapes started moving at exactly the same time.",1,0,0
data/sim_videos/fps30/int_67ms/fps30_int67_af_0090.mp4,67,30,red,square,blue,circle,True,False,"Yes, both shapes started moving at exactly the same time.",1,0,0
data/sim_videos/fps30/int_67ms/fps30_int67_bf_0091.mp4,67,30,green,circle,red,square,False,False,"Yes, both shapes started moving at exactly the same time.",1,0,0
data/sim_videos/fps30/int_67ms/fps30_int67_af_0092.mp4,67,30,red,square,blue,circle,True,False,"Yes, both shapes started moving at exactly the same time.",1,0,0
data/sim_videos/fps30/int_67ms/fps30_int67_af_0093.mp4,67,30,red,square,blue,circle,True,False,"Yes, both shapes started moving at exactly the same time.",1,0,0
data/sim_videos/fps30/int_67ms/fps30_int67_af_0094.mp4,67,30,green,circle,red,square,True,False,"Yes, both shapes started moving at exactly the same time.",1,0,0
data/sim_videos/fps30/int_67ms/fps30_int67_af_0095.mp4,67,30,green,circle,red,square,True,False,"Yes, both shapes started moving at exactly the same time.",1,0,0
data/sim_videos/fps30/int_67ms/fps30_int67_bf_0096.mp4,67,30,red,square,blue,circle,False,False,"Yes, both shapes started moving at exactly the same time.",1,0,0
data/sim_videos/fps30/int_67ms/fps30_int67_bf_0097.mp4,67,30,blue,square,green,circle,False,False,"Yes, both shapes started moving at exactly the same time.",1,0,0
data/sim_videos/fps30/int_67ms/fps30_int67_af_0098.mp4,67,30,green,circle,red,square,True,False,"Yes, both shapes started moving at exactly the same time.",1,0,0
data/sim_videos/fps30/int_67ms/fps30_int67_bf_0099.mp4,67,30,green,circle,red,square,False,False,"Yes, both shapes started moving at exactly the same time.",1,0,0
data/sim_videos/fps30/int_100ms/fps30_int100_af_0000.mp4,100,30,green,circle,red,square,True,False,"Yes, both shapes started moving at exactly the same time.",1,0,0
data/sim_videos/fps30/int_100ms/fps30_int100_bf_0001.mp4,100,30,blue,square,green,circle,False,False,"Yes, both shapes started moving at exactly the same time.",1,0,0
data/sim_videos/fps30/int_100ms/fps30_int100_bf_0002.mp4,100,30,green,circle,red,square,False,False,"Yes, both shapes started moving at exactly the same time.",1,0,0
data/sim_videos/fps30/int_100ms/fps30_int100_bf_0003.mp4,100,30,green,circle,red,square,False,False,"Yes, both shapes started moving at exactly the same time.",1,0,0
data/sim_videos/fps30/int_100ms/fps30_int100_bf_0004.mp4,100,30,blue,square,green,circle,False,False,"Yes, both shapes started moving at exactly the same time.",1,0,0
data/sim_videos/fps30/int_100ms/fps30_int100_af_0005.mp4,100,30,blue,square,green,circle,True,False,"Yes, both shapes started moving at exactly the same time.",1,0,0
data/sim_videos/fps30/int_100ms/fps30_int100_bf_0006.mp4,100,30,red,square,blue,circle,False,False,"Yes, both shapes started moving at exactly the same time.",1,0,0
data/sim_videos/fps30/int_100ms/fps30_int100_af_0007.mp4,100,30,green,circle,red,square,True,False,"Yes, both shapes started moving at exactly the same time.",1,0,0
data/sim_videos/fps30/int_100ms/fps30_int100_bf_0008.mp4,100,30,blue,square,green,circle,False,False,"Yes, both shapes started moving at exactly the same time.",1,0,0
data/sim_videos/fps30/int_100ms/fps30_int100_bf_0009.mp4,100,30,blue,square,green,circle,False,False,"Yes, both shapes started moving at exactly the same time.",1,0,0
data/sim_videos/fps30/int_100ms/fps30_int100_af_0010.mp4,100,30,blue,square,green,circle,True,False,"Yes, both shapes started moving at exactly the same time.",1,0,0
data/sim_videos/fps30/int_100ms/fps30_int100_af_0011.mp4,100,30,red,square,blue,circle,True,False,"Yes, both shapes started moving at exactly the same time.",1,0,0
data/sim_videos/fps30/int_100ms/fps30_int100_bf_0012.mp4,100,30,blue,square,green,circle,False,False,"Yes, both shapes started moving at exactly the same time.",1,0,0
data/sim_videos/fps30/int_100ms/fps30_int100_af_0013.mp4,100,30,green,circle,red,square,True,False,"Yes, both shapes started moving at exactly the same time.",1,0,0
data/sim_videos/fps30/int_100ms/fps30_int100_af_0014.mp4,100,30,red,square,blue,circle,True,False,"Yes, both shapes started moving at exactly the same time.",1,0,0
data/sim_videos/fps30/int_100ms/fps30_int100_af_0015.mp4,100,30,red,square,blue,circle,True,False,"Yes, both shapes started moving at exactly the same time.",1,0,0
data/sim_videos/fps30/int_100ms/fps30_int100_af_0016.mp4,100,30,red,square,blue,circle,True,False,"Yes, both shapes started moving at exactly the same time.",1,0,0
data/sim_videos/fps30/int_100ms/fps30_int100_bf_0017.mp4,100,30,blue,square,green,circle,False,False,"Yes, both shapes started moving at exactly the same time.",1,0,0
data/sim_videos/fps30/int_100ms/fps30_int100_bf_0018.mp4,100,30,red,square,blue,circle,False,False,"Yes, both shapes started moving at exactly the same time.",1,0,0
data/sim_videos/fps30/int_100ms/fps30_int100_bf_0019.mp4,100,30,green,circle,red,square,False,False,"Yes, both shapes started moving at exactly the same time.",1,0,0
data/sim_videos/fps30/int_100ms/fps30_int100_af_0020.mp4,100,30,blue,square,green,circle,True,False,"Yes, both shapes started moving at exactly the same time.",1,0,0
data/sim_videos/fps30/int_100ms/fps30_int100_af_0021.mp4,100,30,blue,square,green,circle,True,False,"Yes, both shapes started moving at exactly the same time.",1,0,0
data/sim_videos/fps30/int_100ms/fps30_int100_af_0022.mp4,100,30,blue,square,green,circle,True,False,"Yes, both shapes started moving at exactly the same time.",1,0,0
data/sim_videos/fps30/int_100ms/fps30_int100_af_0023.mp4,100,30,blue,square,green,circle,True,False,"Yes, both shapes started moving at exactly the same time.",1,0,0
data/sim_videos/fps30/int_100ms/fps30_int100_bf_0024.mp4,100,30,green,circle,red,square,False,False,"Yes, both shapes started moving at exactly the same time.",1,0,0
data/sim_videos/fps30/int_100ms/fps30_int100_bf_0025.mp4,100,30,blue,square,green,circle,False,False,"Yes, both shapes started moving at exactly the same time.",1,0,0
data/sim_videos/fps30/int_100ms/fps30_int100_bf_0026.mp4,100,30,red,square,blue,circle,False,False,"Yes, both shapes started moving at exactly the same time.",1,0,0
data/sim_videos/fps30/int_100ms/fps30_int100_bf_0027.mp4,100,30,blue,square,green,circle,False,False,"Yes, both shapes started moving at exactly the same time.",1,0,0
data/sim_videos/fps30/int_100ms/fps30_int100_bf_0028.mp4,100,30,green,circle,red,square,False,False,"Yes, both shapes started moving at exactly the same time.",1,0,0
data/sim_videos/fps30/int_100ms/fps30_int100_bf_0029.mp4,100,30,green,circle,red,square,False,False,"Yes, both shapes started moving at exactly the same time.",1,0,0
data/sim_videos/fps30/int_100ms/fps30_int100_bf_0030.mp4,100,30,red,square,blue,circle,False,False,"Yes, both shapes started moving at exactly the same time.",1,0,0
data/sim_videos/fps30/int_100ms/fps30_int100_af_0031.mp4,100,30,green,circle,red,square,True,False,"Yes, both shapes started moving at exactly the same time.",1,0,0
data/sim_videos/fps30/int_100ms/fps30_int100_af_0032.mp4,100,30,green,circle,red,square,True,False,"Yes, both shapes started moving at exactly the same time.",1,0,0
data/sim_videos/fps30/int_100ms/fps30_int100_af_0033.mp4,100,30,red,square,blue,circle,True,False,"Yes, both shapes started moving at exactly the same time.",1,0,0
data/sim_videos/fps30/int_100ms/fps30_int100_af_0034.mp4,100,30,green,circle,red,square,True,False,"Yes, both shapes started moving at exactly the same time.",1,0,0
data/sim_videos/fps30/int_100ms/fps30_int100_bf_0035.mp4,100,30,green,circle,red,square,False,False,"Yes, both shapes started moving at exactly the same time.",1,0,0
data/sim_videos/fps30/int_100ms/fps30_int100_bf_0036.mp4,100,30,blue,square,green,circle,False,False,"Yes, both shapes started moving at exactly the same time.",1,0,0
data/sim_videos/fps30/int_100ms/fps30_int100_af_0037.mp4,100,30,red,square,blue,circle,True,False,"Yes, both shapes started moving at exactly the same time.",1,0,0
data/sim_videos/fps30/int_100ms/fps30_int100_af_0038.mp4,100,30,green,circle,red,square,True,False,"Yes, both shapes started moving at exactly the same time.",1,0,0
data/sim_videos/fps30/int_100ms/fps30_int100_bf_0039.mp4,100,30,blue,square,green,circle,False,False,"Yes, both shapes started moving at exactly the same time.",1,0,0
data/sim_videos/fps30/int_100ms/fps30_int100_bf_0040.mp4,100,30,blue,square,green,circle,False,False,"Yes, both shapes started moving at exactly the same time.",1,0,0
data/sim_videos/fps30/int_100ms/fps30_int100_af_0041.mp4,100,30,blue,square,green,circle,True,False,"Yes, both shapes started moving at exactly the same time.",1,0,0
data/sim_videos/fps30/int_100ms/fps30_int100_bf_0042.mp4,100,30,green,circle,red,square,False,False,"Yes, both shapes started moving at exactly the same time.",1,0,0
data/sim_videos/fps30/int_100ms/fps30_int100_bf_0043.mp4,100,30,red,square,blue,circle,False,False,"Yes, both shapes started moving at exactly the same time.",1,0,0
data/sim_videos/fps30/int_100ms/fps30_int100_af_0044.mp4,100,30,red,square,blue,circle,True,False,"Yes, both shapes started moving at exactly the same time.",1,0,0
data/sim_videos/fps30/int_100ms/fps30_int100_bf_0045.mp4,100,30,red,square,blue,circle,False,False,"Yes, both shapes started moving at exactly the same time.",1,0,0
data/sim_videos/fps30/int_100ms/fps30_int100_bf_0046.mp4,100,30,green,circle,red,square,False,False,"Yes, both shapes started moving at exactly the same time.",1,0,0
data/sim_videos/fps30/int_100ms/fps30_int100_bf_0047.mp4,100,30,blue,square,green,circle,False,False,"Yes, both shapes started moving at exactly the same time.",1,0,0
data/sim_videos/fps30/int_100ms/fps30_int100_af_0048.mp4,100,30,red,square,blue,circle,True,False,"Yes, both shapes started moving at exactly the same time.",1,0,0
data/sim_videos/fps30/int_100ms/fps30_int100_af_0049.mp4,100,30,blue,square,green,circle,True,False,"Yes, both shapes started moving at exactly the same time.",1,0,0
data/sim_videos/fps30/int_100ms/fps30_int100_bf_0050.mp4,100,30,blue,square,green,circle,False,False,"Yes, both shapes started moving at exactly the same time.",1,0,0
data/sim_videos/fps30/int_100ms/fps30_int100_af_0051.mp4,100,30,blue,square,green,circle,True,False,"Yes, both shapes started moving at exactly the same time.",1,0,0
data/sim_videos/fps30/int_100ms/fps30_int100_bf_0052.mp4,100,30,green,circle,red,square,False,False,"Yes, both shapes started moving at exactly the same time.",1,0,0
data/sim_videos/fps30/int_100ms/fps30_int100_af_0053.mp4,100,30,blue,square,green,circle,True,False,"Yes, both shapes started moving at exactly the same time.",1,0,0
data/sim_videos/fps30/int_100ms/fps30_int100_bf_0054.mp4,100,30,green,circle,red,square,False,False,"Yes, both shapes started moving at exactly the same time.",1,0,0
data/sim_videos/fps30/int_100ms/fps30_int100_af_0055.mp4,100,30,green,circle,red,square,True,False,"Yes, both shapes started moving at exactly the same time.",1,0,0
data/sim_videos/fps30/int_100ms/fps30_int100_bf_0056.mp4,100,30,green,circle,red,square,False,False,"Yes, both shapes started moving at exactly the same time.",1,0,0
data/sim_videos/fps30/int_100ms/fps30_int100_af_0057.mp4,100,30,red,square,blue,circle,True,False,"Yes, both shapes started moving at exactly the same time.",1,0,0
data/sim_videos/fps30/int_100ms/fps30_int100_af_0058.mp4,100,30,red,square,blue,circle,True,False,"Yes, both shapes started moving at exactly the same time.",1,0,0
data/sim_videos/fps30/int_100ms/fps30_int100_af_0059.mp4,100,30,green,circle,red,square,True,False,"Yes, both shapes started moving at exactly the same time.",1,0,0
data/sim_videos/fps30/int_100ms/fps30_int100_af_0060.mp4,100,30,red,square,blue,circle,True,False,"Yes, both shapes started moving at exactly the same time.",1,0,0
data/sim_videos/fps30/int_100ms/fps30_int100_af_0061.mp4,100,30,green,circle,red,square,True,False,"Yes, both shapes started moving at exactly the same time.",1,0,0
data/sim_videos/fps30/int_100ms/fps30_int100_af_0062.mp4,100,30,green,circle,red,square,True,False,"Yes, both shapes started moving at exactly the same time.",1,0,0
data/sim_videos/fps30/int_100ms/fps30_int100_af_0063.mp4,100,30,blue,square,green,circle,True,False,"Yes, both shapes started moving at exactly the same time.",1,0,0
data/sim_videos/fps30/int_100ms/fps30_int100_af_0064.mp4,100,30,blue,square,green,circle,True,False,"Yes, both shapes started moving at exactly the same time.",1,0,0
data/sim_videos/fps30/int_100ms/fps30_int100_af_0065.mp4,100,30,blue,square,green,circle,True,False,"Yes, both shapes started moving at exactly the same time.",1,0,0
data/sim_videos/fps30/int_100ms/fps30_int100_af_0066.mp4,100,30,red,square,blue,circle,True,False,"Yes, both shapes started moving at exactly the same time.",1,0,0
data/sim_videos/fps30/int_100ms/fps30_int100_bf_0067.mp4,100,30,red,square,blue,circle,False,False,"Yes, both shapes started moving at exactly the same time.",1,0,0
data/sim_videos/fps30/int_100ms/fps30_int100_bf_0068.mp4,100,30,green,circle,red,square,False,False,"Yes, both shapes started moving at exactly the same time.",1,0,0
data/sim_videos/fps30/int_100ms/fps30_int100_af_0069.mp4,100,30,green,circle,red,square,True,False,"Yes, both shapes started moving at exactly the same time.",1,0,0
data/sim_videos/fps30/int_100ms/fps30_int100_bf_0070.mp4,100,30,blue,square,green,circle,False,False,"Yes, both shapes started moving at exactly the same time.",1,0,0
data/sim_videos/fps30/int_100ms/fps30_int100_bf_0071.mp4,100,30,blue,square,green,circle,False,False,"Yes, both shapes started moving at exactly the same time.",1,0,0
data/sim_videos/fps30/int_100ms/fps30_int100_af_0072.mp4,100,30,blue,square,green,circle,True,False,"Yes, both shapes started moving at exactly the same time.",1,0,0
data/sim_videos/fps30/int_100ms/fps30_int100_bf_0073.mp4,100,30,red,square,blue,circle,False,False,"Yes, both shapes started moving at exactly the same time.",1,0,0
data/sim_videos/fps30/int_100ms/fps30_int100_af_0074.mp4,100,30,green,circle,red,square,True,False,"Yes, both shapes started moving at exactly the same time.",1,0,0
data/sim_videos/fps30/int_100ms/fps30_int100_bf_0075.mp4,100,30,red,square,blue,circle,False,False,"Yes, both shapes started moving at exactly the same time.",1,0,0
data/sim_videos/fps30/int_100ms/fps30_int100_bf_0076.mp4,100,30,red,square,blue,circle,False,False,"Yes, both shapes started moving at exactly the same time.",1,0,0
data/sim_videos/fps30/int_100ms/fps30_int100_af_0077.mp4,100,30,blue,square,green,circle,True,False,"Yes, both shapes started moving at exactly the same time.",1,0,0
data/sim_videos/fps30/int_100ms/fps30_int100_bf_0078.mp4,100,30,green,circle,red,square,False,False,"Yes, both shapes started moving at exactly the same time.",1,0,0
data/sim_videos/fps30/int_100ms/fps30_int100_af_0079.mp4,100,30,red,square,blue,circle,True,False,"Yes, both shapes started moving at exactly the same time.",1,0,0
data/sim_videos/fps30/int_100ms/fps30_int100_af_0080.mp4,100,30,red,square,blue,circle,True,False,"Yes, both shapes started moving at exactly the same time.",1,0,0
data/sim_videos/fps30/int_100ms/fps30_int100_af_0081.mp4,100,30,blue,square,green,circle,True,False,"Yes, both shapes started moving at exactly the same time.",1,0,0
data/sim_videos/fps30/int_100ms/fps30_int100_bf_0082.mp4,100,30,red,square,blue,circle,False,False,"Yes, both shapes started moving at exactly the same time.",1,0,0
data/sim_videos/fps30/int_100ms/fps30_int100_bf_0083.mp4,100,30,green,circle,red,square,False,False,"Yes, both shapes started moving at exactly the same time.",1,0,0
data/sim_videos/fps30/int_100ms/fps30_int100_bf_0084.mp4,100,30,green,circle,red,square,False,False,"Yes, both shapes started moving at exactly the same time.",1,0,0
data/sim_videos/fps30/int_100ms/fps30_int100_bf_0085.mp4,100,30,red,square,blue,circle,False,False,"Yes, both shapes started moving at exactly the same time.",1,0,0
data/sim_videos/fps30/int_100ms/fps30_int100_af_0086.mp4,100,30,blue,square,green,circle,True,False,"Yes, both shapes started moving at exactly the same time.",1,0,0
data/sim_videos/fps30/int_100ms/fps30_int100_bf_0087.mp4,100,30,blue,square,green,circle,False,False,"Yes, both shapes started moving at exactly the same time.",1,0,0
data/sim_videos/fps30/int_100ms/fps30_int100_af_0088.mp4,100,30,green,circle,red,square,True,False,"Yes, both shapes started moving at exactly the same time.",1,0,0
data/sim_videos/fps30/int_100ms/fps30_int100_af_0089.mp4,100,30,green,circle,red,square,True,False,"Yes, both shapes started moving at exactly the same time.",1,0,0
data/sim_videos/fps30/int_100ms/fps30_int100_af_0090.mp4,100,30,green,circle,red,square,True,False,"Yes, both shapes started moving at exactly the same time.",1,0,0
data/sim_videos/fps30/int_100ms/fps30_int100_bf_0091.mp4,100,30,green,circle,red,square,False,False,"Yes, both shapes started moving at exactly the same time.",1,0,0
data/sim_videos/fps30/int_100ms/fps30_int100_af_0092.mp4,100,30,blue,square,green,circle,True,False,"Yes, both shapes started moving at exactly the same time.",1,0,0
data/sim_videos/fps30/int_100ms/fps30_int100_bf_0093.mp4,100,30,green,circle,red,square,False,False,"Yes, both shapes started moving at exactly the same time.",1,0,0
data/sim_videos/fps30/int_100ms/fps30_int100_bf_0094.mp4,100,30,red,square,blue,circle,False,False,"Yes, both shapes started moving at exactly the same time.",1,0,0
data/sim_videos/fps30/int_100ms/fps30_int100_bf_0095.mp4,100,30,green,circle,red,square,False,False,"Yes, both shapes started moving at exactly the same time.",1,0,0
data/sim_videos/fps30/int_100ms/fps30_int100_af_0096.mp4,100,30,blue,square,green,circle,True,False,"Yes, both shapes started moving at exactly the same time.",1,0,0
data/sim_videos/fps30/int_100ms/fps30_int100_bf_0097.mp4,100,30,green,circle,red,square,False,False,"Yes, both shapes started moving at exactly the same time.",1,0,0
data/sim_videos/fps30/int_100ms/fps30_int100_bf_0098.mp4,100,30,green,circle,red,square,False,False,"Yes, both shapes started moving at exactly the same time.",1,0,0
data/sim_videos/fps30/int_100ms/fps30_int100_af_0099.mp4,100,30,red,square,blue,circle,True,False,"Yes, both shapes started moving at exactly the same time.",1,0,0
data/sim_videos/fps30/int_200ms/fps30_int200_af_0000.mp4,200,30,green,circle,red,square,True,False,"Yes, both shapes started moving at exactly the same time.",1,0,0
data/sim_videos/fps30/int_200ms/fps30_int200_af_0001.mp4,200,30,blue,square,green,circle,True,False,"Yes, both shapes started moving at exactly the same time.",1,0,0
data/sim_videos/fps30/int_200ms/fps30_int200_af_0002.mp4,200,30,red,square,blue,circle,True,False,"Yes, both shapes started moving at exactly the same time.",1,0,0
data/sim_videos/fps30/int_200ms/fps30_int200_af_0003.mp4,200,30,green,circle,red,square,True,False,"Yes, both shapes started moving at exactly the same time.",1,0,0
data/sim_videos/fps30/int_200ms/fps30_int200_bf_0004.mp4,200,30,blue,square,green,circle,False,False,"Yes, both shapes started moving at exactly the same time.",1,0,0
data/sim_videos/fps30/int_200ms/fps30_int200_bf_0005.mp4,200,30,blue,square,green,circle,False,False,"Yes, both shapes started moving at exactly the same time.",1,0,0
data/sim_videos/fps30/int_200ms/fps30_int200_bf_0006.mp4,200,30,blue,square,green,circle,False,False,"Yes, both shapes started moving at exactly the same time.",1,0,0
data/sim_videos/fps30/int_200ms/fps30_int200_bf_0007.mp4,200,30,blue,square,green,circle,False,False,"Yes, both shapes started moving at exactly the same time.",1,0,0
data/sim_videos/fps30/int_200ms/fps30_int200_af_0008.mp4,200,30,blue,square,green,circle,True,False,"Yes, both shapes started moving at exactly the same time.",1,0,0
data/sim_videos/fps30/int_200ms/fps30_int200_af_0009.mp4,200,30,red,square,blue,circle,True,False,"Yes, both shapes started moving at exactly the same time.",1,0,0
data/sim_videos/fps30/int_200ms/fps30_int200_af_0010.mp4,200,30,red,square,blue,circle,True,False,"Yes, both shapes started moving at exactly the same time.",1,0,0
data/sim_videos/fps30/int_200ms/fps30_int200_bf_0011.mp4,200,30,red,square,blue,circle,False,False,"Yes, both shapes started moving at exactly the same time.",1,0,0
data/sim_videos/fps30/int_200ms/fps30_int200_af_0012.mp4,200,30,red,square,blue,circle,True,False,"Yes, both shapes started moving at exactly the same time.",1,0,0
data/sim_videos/fps30/int_200ms/fps30_int200_af_0013.mp4,200,30,green,circle,red,square,True,False,"Yes, both shapes started moving at exactly the same time.",1,0,0
data/sim_videos/fps30/int_200ms/fps30_int200_bf_0014.mp4,200,30,red,square,blue,circle,False,False,"Yes, both shapes started moving at exactly the same time.",1,0,0
data/sim_videos/fps30/int_200ms/fps30_int200_bf_0015.mp4,200,30,red,square,blue,circle,False,False,"Yes, both shapes started moving at exactly the same time.",1,0,0
data/sim_videos/fps30/int_200ms/fps30_int200_af_0016.mp4,200,30,green,circle,red,square,True,False,"Yes, both shapes started moving at exactly the same time.",1,0,0
data/sim_videos/fps30/int_200ms/fps30_int200_bf_0017.mp4,200,30,green,circle,red,square,False,False,"Yes, both shapes started moving at exactly the same time.",1,0,0
data/sim_videos/fps30/int_200ms/fps30_int200_af_0018.mp4,200,30,red,square,blue,circle,True,False,"Yes, both shapes started moving at exactly the same time.",1,0,0
data/sim_videos/fps30/int_200ms/fps30_int200_bf_0019.mp4,200,30,green,circle,red,square,False,False,"Yes, both shapes started moving at exactly the same time.",1,0,0
data/sim_videos/fps30/int_200ms/fps30_int200_bf_0020.mp4,200,30,green,circle,red,square,False,False,"Yes, both shapes started moving at exactly the same time.",1,0,0
data/sim_videos/fps30/int_200ms/fps30_int200_bf_0021.mp4,200,30,green,circle,red,square,False,False,"Yes, both shapes started moving at exactly the same time.",1,0,0
data/sim_videos/fps30/int_200ms/fps30_int200_bf_0022.mp4,200,30,red,square,blue,circle,False,False,"Yes, both shapes started moving at exactly the same time.",1,0,0
data/sim_videos/fps30/int_200ms/fps30_int200_bf_0023.mp4,200,30,blue,square,green,circle,False,False,"Yes, both shapes started moving at exactly the same time.",1,0,0
data/sim_videos/fps30/int_200ms/fps30_int200_af_0024.mp4,200,30,red,square,blue,circle,True,False,"Yes, both shapes started moving at exactly the same time.",1,0,0
data/sim_videos/fps30/int_200ms/fps30_int200_af_0025.mp4,200,30,blue,square,green,circle,True,False,"Yes, both shapes started moving at exactly the same time.",1,0,0
data/sim_videos/fps30/int_200ms/fps30_int200_af_0026.mp4,200,30,red,square,blue,circle,True,False,"Yes, both shapes started moving at exactly the same time.",1,0,0
data/sim_videos/fps30/int_200ms/fps30_int200_af_0027.mp4,200,30,red,square,blue,circle,True,False,"Yes, both shapes started moving at exactly the same time.",1,0,0
data/sim_videos/fps30/int_200ms/fps30_int200_bf_0028.mp4,200,30,green,circle,red,square,False,False,"Yes, both shapes started moving at exactly the same time.",1,0,0
data/sim_videos/fps30/int_200ms/fps30_int200_af_0029.mp4,200,30,blue,square,green,circle,True,False,"Yes, both shapes started moving at exactly the same time.",1,0,0
data/sim_videos/fps30/int_200ms/fps30_int200_af_0030.mp4,200,30,red,square,blue,circle,True,False,"Yes, both shapes started moving at exactly the same time.",1,0,0
data/sim_videos/fps30/int_200ms/fps30_int200_af_0031.mp4,200,30,blue,square,green,circle,True,False,"Yes, both shapes started moving at exactly the same time.",1,0,0
data/sim_videos/fps30/int_200ms/fps30_int200_af_0032.mp4,200,30,red,square,blue,circle,True,False,"Yes, both shapes started moving at exactly the same time.",1,0,0
data/sim_videos/fps30/int_200ms/fps30_int200_bf_0033.mp4,200,30,green,circle,red,square,False,False,"Yes, both shapes started moving at exactly the same time.",1,0,0
data/sim_videos/fps30/int_200ms/fps30_int200_af_0034.mp4,200,30,blue,square,green,circle,True,False,"Yes, both shapes started moving at exactly the same time.",1,0,0
data/sim_videos/fps30/int_200ms/fps30_int200_bf_0035.mp4,200,30,red,square,blue,circle,False,False,"Yes, both shapes started moving at exactly the same time.",1,0,0
data/sim_videos/fps30/int_200ms/fps30_int200_bf_0036.mp4,200,30,red,square,blue,circle,False,False,"Yes, both shapes started moving at exactly the same time.",1,0,0
data/sim_videos/fps30/int_200ms/fps30_int200_bf_0037.mp4,200,30,blue,square,green,circle,False,False,"Yes, both shapes started moving at exactly the same time.",1,0,0
data/sim_videos/fps30/int_200ms/fps30_int200_af_0038.mp4,200,30,blue,square,green,circle,True,False,"Yes, both shapes started moving at exactly the same time.",1,0,0
data/sim_videos/fps30/int_200ms/fps30_int200_bf_0039.mp4,200,30,blue,square,green,circle,False,False,"Yes, both shapes started moving at exactly the same time.",1,0,0
data/sim_videos/fps30/int_200ms/fps30_int200_bf_0040.mp4,200,30,red,square,blue,circle,False,False,"Yes, both shapes started moving at exactly the same time.",1,0,0
data/sim_videos/fps30/int_200ms/fps30_int200_bf_0041.mp4,200,30,blue,square,green,circle,False,False,"Yes, both shapes started moving at exactly the same time.",1,0,0
data/sim_videos/fps30/int_200ms/fps30_int200_af_0042.mp4,200,30,red,square,blue,circle,True,False,"Yes, both shapes started moving at exactly the same time.",1,0,0
data/sim_videos/fps30/int_200ms/fps30_int200_af_0043.mp4,200,30,blue,square,green,circle,True,False,"Yes, both shapes started moving at exactly the same time.",1,0,0
data/sim_videos/fps30/int_200ms/fps30_int200_bf_0044.mp4,200,30,green,circle,red,square,False,False,"Yes, both shapes started moving at exactly the same time.",1,0,0
data/sim_videos/fps30/int_200ms/fps30_int200_af_0045.mp4,200,30,red,square,blue,circle,True,False,"Yes, both shapes started moving at exactly the same time.",1,0,0
data/sim_videos/fps30/int_200ms/fps30_int200_af_0046.mp4,200,30,red,square,blue,circle,True,False,"Yes, both shapes started moving at exactly the same time.",1,0,0
data/sim_videos/fps30/int_200ms/fps30_int200_bf_0047.mp4,200,30,green,circle,red,square,False,False,"Yes, both shapes started moving at exactly the same time.",1,0,0
data/sim_videos/fps30/int_200ms/fps30_int200_af_0048.mp4,200,30,red,square,blue,circle,True,False,"Yes, both shapes started moving at exactly the same time.",1,0,0
data/sim_videos/fps30/int_200ms/fps30_int200_bf_0049.mp4,200,30,blue,square,green,circle,False,False,"Yes, both shapes started moving at exactly the same time.",1,0,0
data/sim_videos/fps30/int_200ms/fps30_int200_bf_0050.mp4,200,30,green,circle,red,square,False,False,"Yes, both shapes started moving at exactly the same time.",1,0,0
data/sim_videos/fps30/int_200ms/fps30_int200_bf_0051.mp4,200,30,blue,square,green,circle,False,False,"Yes, both shapes started moving at exactly the same time.",1,0,0
data/sim_videos/fps30/int_200ms/fps30_int200_af_0052.mp4,200,30,blue,square,green,circle,True,False,"Yes, both shapes started moving at exactly the same time.",1,0,0
data/sim_videos/fps30/int_200ms/fps30_int200_af_0053.mp4,200,30,green,circle,red,square,True,False,"Yes, both shapes started moving at exactly the same time.",1,0,0
data/sim_videos/fps30/int_200ms/fps30_int200_af_0054.mp4,200,30,blue,square,green,circle,True,False,"Yes, both shapes started moving at exactly the same time.",1,0,0
data/sim_videos/fps30/int_200ms/fps30_int200_bf_0055.mp4,200,30,red,square,blue,circle,False,False,"Yes, both shapes started moving at exactly the same time.",1,0,0
data/sim_videos/fps30/int_200ms/fps30_int200_bf_0056.mp4,200,30,red,square,blue,circle,False,False,"Yes, both shapes started moving at exactly the same time.",1,0,0
data/sim_videos/fps30/int_200ms/fps30_int200_bf_0057.mp4,200,30,red,square,blue,circle,False,False,"Yes, both shapes started moving at exactly the same time.",1,0,0
data/sim_videos/fps30/int_200ms/fps30_int200_af_0058.mp4,200,30,red,square,blue,circle,True,False,"Yes, both shapes started moving at exactly the same time.",1,0,0
data/sim_videos/fps30/int_200ms/fps30_int200_af_0059.mp4,200,30,red,square,blue,circle,True,False,"Yes, both shapes started moving at exactly the same time.",1,0,0
data/sim_videos/fps30/int_200ms/fps30_int200_bf_0060.mp4,200,30,red,square,blue,circle,False,False,"Yes, both shapes started moving at exactly the same time.",1,0,0
data/sim_videos/fps30/int_200ms/fps30_int200_af_0061.mp4,200,30,red,square,blue,circle,True,False,"Yes, both shapes started moving at exactly the same time.",1,0,0
data/sim_videos/fps30/int_200ms/fps30_int200_bf_0062.mp4,200,30,green,circle,red,square,False,False,"Yes, both shapes started moving at exactly the same time.",1,0,0
data/sim_videos/fps30/int_200ms/fps30_int200_bf_0063.mp4,200,30,green,circle,red,square,False,False,"Yes, both shapes started moving at exactly the same time.",1,0,0
data/sim_videos/fps30/int_200ms/fps30_int200_af_0064.mp4,200,30,red,square,blue,circle,True,False,"Yes, both shapes started moving at exactly the same time.",1,0,0
data/sim_videos/fps30/int_200ms/fps30_int200_af_0065.mp4,200,30,green,circle,red,square,True,False,"Yes, both shapes started moving at exactly the same time.",1,0,0
data/sim_videos/fps30/int_200ms/fps30_int200_af_0066.mp4,200,30,red,square,blue,circle,True,False,"Yes, both shapes started moving at exactly the same time.",1,0,0
data/sim_videos/fps30/int_200ms/fps30_int200_af_0067.mp4,200,30,blue,square,green,circle,True,False,"Yes, both shapes started moving at exactly the same time.",1,0,0
data/sim_videos/fps30/int_200ms/fps30_int200_bf_0068.mp4,200,30,green,circle,red,square,False,False,"Yes, both shapes started moving at exactly the same time.",1,0,0
data/sim_videos/fps30/int_200ms/fps30_int200_af_0069.mp4,200,30,red,square,blue,circle,True,False,"Yes, both shapes started moving at exactly the same time.",1,0,0
data/sim_videos/fps30/int_200ms/fps30_int200_af_0070.mp4,200,30,red,square,blue,circle,True,False,"Yes, both shapes started moving at exactly the same time.",1,0,0
data/sim_videos/fps30/int_200ms/fps30_int200_bf_0071.mp4,200,30,red,square,blue,circle,False,False,"Yes, both shapes started moving at exactly the same time.",1,0,0
data/sim_videos/fps30/int_200ms/fps30_int200_af_0072.mp4,200,30,blue,square,green,circle,True,False,"Yes, both shapes started moving at exactly the same time.",1,0,0
data/sim_videos/fps30/int_200ms/fps30_int200_bf_0073.mp4,200,30,red,square,blue,circle,False,False,"Yes, both shapes started moving at exactly the same time.",1,0,0
data/sim_videos/fps30/int_200ms/fps30_int200_af_0074.mp4,200,30,blue,square,green,circle,True,False,"Yes, both shapes started moving at exactly the same time.",1,0,0
data/sim_videos/fps30/int_200ms/fps30_int200_af_0075.mp4,200,30,red,square,blue,circle,True,False,"Yes, both shapes started moving at exactly the same time.",1,0,0
data/sim_videos/fps30/int_200ms/fps30_int200_af_0076.mp4,200,30,blue,square,green,circle,True,False,"Yes, both shapes started moving at exactly the same time.",1,0,0
data/sim_videos/fps30/int_200ms/fps30_int200_af_0077.mp4,200,30,red,square,blue,circle,True,False,"Yes, both shapes started moving at exactly the same time.",1,0,0
data/sim_videos/fps30/int_200ms/fps30_int200_bf_0078.mp4,200,30,blue,square,green,circle,False,False,"Yes, both shapes started moving at exactly the same time.",1,0,0
data/sim_videos/fps30/int_200ms/fps30_int200_bf_0079.mp4,200,30,red,square,blue,circle,False,False,"Yes, both shapes started moving at exactly the same time.",1,0,0
data/sim_videos/fps30/int_200ms/fps30_int200_bf_0080.mp4,200,30,green,circle,red,square,False,False,"Yes, both shapes started moving at exactly the same time.",1,0,0
data/sim_videos/fps30/int_200ms/fps30_int200_bf_0081.mp4,200,30,green,circle,red,square,False,False,"Yes, both shapes started moving at exactly the same time.",1,0,0
data/sim_videos/fps30/int_200ms/fps30_int200_af_0082.mp4,200,30,blue,square,green,circle,True,False,"Yes, both shapes started moving at exactly the same time.",1,0,0
data/sim_videos/fps30/int_200ms/fps30_int200_af_0083.mp4,200,30,red,square,blue,circle,True,False,"Yes, both shapes started moving at exactly the same time.",1,0,0
data/sim_videos/fps30/int_200ms/fps30_int200_af_0084.mp4,200,30,blue,square,green,circle,True,False,"Yes, both shapes started moving at exactly the same time.",1,0,0
data/sim_videos/fps30/int_200ms/fps30_int200_bf_0085.mp4,200,30,green,circle,red,square,False,False,"Yes, both shapes started moving at exactly the same time.",1,0,0
data/sim_videos/fps30/int_200ms/fps30_int200_bf_0086.mp4,200,30,red,square,blue,circle,False,False,"Yes, both shapes started moving at exactly the same time.",1,0,0
data/sim_videos/fps30/int_200ms/fps30_int200_bf_0087.mp4,200,30,blue,square,green,circle,False,False,"Yes, both shapes started moving at exactly the same time.",1,0,0
data/sim_videos/fps30/int_200ms/fps30_int200_af_0088.mp4,200,30,green,circle,red,square,True,False,"Yes, both shapes started moving at exactly the same time.",1,0,0
data/sim_videos/fps30/int_200ms/fps30_int200_af_0089.mp4,200,30,blue,square,green,circle,True,False,"Yes, both shapes started moving at exactly the same time.",1,0,0
data/sim_videos/fps30/int_200ms/fps30_int200_af_0090.mp4,200,30,blue,square,green,circle,True,False,"Yes, both shapes started moving at exactly the same time.",1,0,0
data/sim_videos/fps30/int_200ms/fps30_int200_af_0091.mp4,200,30,red,square,blue,circle,True,False,"Yes, both shapes started moving at exactly the same time.",1,0,0
data/sim_videos/fps30/int_200ms/fps30_int200_af_0092.mp4,200,30,blue,square,green,circle,True,False,"Yes, both shapes started moving at exactly the same time.",1,0,0
data/sim_videos/fps30/int_200ms/fps30_int200_af_0093.mp4,200,30,blue,square,green,circle,True,False,"Yes, both shapes started moving at exactly the same time.",1,0,0
data/sim_videos/fps30/int_200ms/fps30_int200_af_0094.mp4,200,30,red,square,blue,circle,True,False,"Yes, both shapes started moving at exactly the same time.",1,0,0
data/sim_videos/fps30/int_200ms/fps30_int200_af_0095.mp4,200,30,blue,square,green,circle,True,False,"Yes, both shapes started moving at exactly the same time.",1,0,0
data/sim_videos/fps30/int_200ms/fps30_int200_af_0096.mp4,200,30,red,square,blue,circle,True,False,"Yes, both shapes started moving at exactly the same time.",1,0,0
data/sim_videos/fps30/int_200ms/fps30_int200_bf_0097.mp4,200,30,blue,square,green,circle,False,False,"Yes, both shapes started moving at exactly the same time.",1,0,0
data/sim_videos/fps30/int_200ms/fps30_int200_af_0098.mp4,200,30,blue,square,green,circle,True,False,"Yes, both shapes started moving at exactly the same time.",1,0,0
data/sim_videos/fps30/int_200ms/fps30_int200_af_0099.mp4,200,30,red,square,blue,circle,True,False,"Yes, both shapes started moving at exactly the same time.",1,0,0
data/sim_videos/fps30/int_333ms/fps30_int333_bf_0000.mp4,333,30,blue,square,green,circle,False,False,"Yes, both shapes started moving at exactly the same time.",1,0,0
data/sim_videos/fps30/int_333ms/fps30_int333_bf_0001.mp4,333,30,green,circle,red,square,False,False,"Yes, both shapes started moving at exactly the same time.",1,0,0
data/sim_videos/fps30/int_333ms/fps30_int333_bf_0002.mp4,333,30,green,circle,red,square,False,False,"Yes, both shapes started moving at exactly the same time.",1,0,0
data/sim_videos/fps30/int_333ms/fps30_int333_af_0003.mp4,333,30,green,circle,red,square,True,False,"Yes, both shapes started moving at exactly the same time.",1,0,0
data/sim_videos/fps30/int_333ms/fps30_int333_af_0004.mp4,333,30,green,circle,red,square,True,False,"Yes, both shapes started moving at exactly the same time.",1,0,0
data/sim_videos/fps30/int_333ms/fps30_int333_bf_0005.mp4,333,30,blue,square,green,circle,False,False,"Yes, both shapes started moving at exactly the same time.",1,0,0
data/sim_videos/fps30/int_333ms/fps30_int333_af_0006.mp4,333,30,blue,square,green,circle,True,False,"Yes, both shapes started moving at exactly the same time.",1,0,0
data/sim_videos/fps30/int_333ms/fps30_int333_bf_0007.mp4,333,30,red,square,blue,circle,False,False,"Yes, both shapes started moving at exactly the same time.",1,0,0
data/sim_videos/fps30/int_333ms/fps30_int333_bf_0008.mp4,333,30,blue,square,green,circle,False,False,"Yes, both shapes started moving at exactly the same time.",1,0,0
data/sim_videos/fps30/int_333ms/fps30_int333_bf_0009.mp4,333,30,blue,square,green,circle,False,False,"Yes, both shapes started moving at exactly the same time.",1,0,0
data/sim_videos/fps30/int_333ms/fps30_int333_bf_0010.mp4,333,30,blue,square,green,circle,False,False,"Yes, both shapes started moving at exactly the same time.",1,0,0
data/sim_videos/fps30/int_333ms/fps30_int333_af_0011.mp4,333,30,blue,square,green,circle,True,False,"Yes, both shapes started moving at exactly the same time.",1,0,0
data/sim_videos/fps30/int_333ms/fps30_int333_bf_0012.mp4,333,30,green,circle,red,square,False,False,"Yes, both shapes started moving at exactly the same time.",1,0,0
data/sim_videos/fps30/int_333ms/fps30_int333_bf_0013.mp4,333,30,red,square,blue,circle,False,False,"Yes, both shapes started moving at exactly the same time.",1,0,0
data/sim_videos/fps30/int_333ms/fps30_int333_af_0014.mp4,333,30,green,circle,red,square,True,False,"Yes, both shapes started moving at exactly the same time.",1,0,0
data/sim_videos/fps30/int_333ms/fps30_int333_af_0015.mp4,333,30,red,square,blue,circle,True,False,"Yes, both shapes started moving at exactly the same time.",1,0,0
data/sim_videos/fps30/int_333ms/fps30_int333_af_0016.mp4,333,30,green,circle,red,square,True,False,"Yes, both shapes started moving at exactly the same time.",1,0,0
data/sim_videos/fps30/int_333ms/fps30_int333_af_0017.mp4,333,30,blue,square,green,circle,True,False,"Yes, both shapes started moving at exactly the same time.",1,0,0
data/sim_videos/fps30/int_333ms/fps30_int333_bf_0018.mp4,333,30,blue,square,green,circle,False,False,"Yes, both shapes started moving at exactly the same time.",1,0,0
data/sim_videos/fps30/int_333ms/fps30_int333_af_0019.mp4,333,30,blue,square,green,circle,True,False,"Yes, both shapes started moving at exactly the same time.",1,0,0
data/sim_videos/fps30/int_333ms/fps30_int333_af_0020.mp4,333,30,blue,square,green,circle,True,False,"Yes, both shapes started moving at exactly the same time.",1,0,0
data/sim_videos/fps30/int_333ms/fps30_int333_bf_0021.mp4,333,30,red,square,blue,circle,False,False,"Yes, both shapes started moving at exactly the same time.",1,0,0
data/sim_videos/fps30/int_333ms/fps30_int333_af_0022.mp4,333,30,red,square,blue,circle,True,False,"Yes, both shapes started moving at exactly the same time.",1,0,0
data/sim_videos/fps30/int_333ms/fps30_int333_bf_0023.mp4,333,30,green,circle,red,square,False,False,"Yes, both shapes started moving at exactly the same time.",1,0,0
data/sim_videos/fps30/int_333ms/fps30_int333_bf_0024.mp4,333,30,green,circle,red,square,False,False,"Yes, both shapes started moving at exactly the same time.",1,0,0
data/sim_videos/fps30/int_333ms/fps30_int333_bf_0025.mp4,333,30,green,circle,red,square,False,False,"Yes, both shapes started moving at exactly the same time.",1,0,0
data/sim_videos/fps30/int_333ms/fps30_int333_af_0026.mp4,333,30,red,square,blue,circle,True,False,"Yes, both shapes started moving at exactly the same time.",1,0,0
data/sim_videos/fps30/int_333ms/fps30_int333_bf_0027.mp4,333,30,green,circle,red,square,False,False,"Yes, both shapes started moving at exactly the same time.",1,0,0
data/sim_videos/fps30/int_333ms/fps30_int333_bf_0028.mp4,333,30,red,square,blue,circle,False,False,"Yes, both shapes started moving at exactly the same time.",1,0,0
data/sim_videos/fps30/int_333ms/fps30_int333_af_0029.mp4,333,30,green,circle,red,square,True,False,"Yes, both shapes started moving at exactly the same time.",1,0,0
data/sim_videos/fps30/int_333ms/fps30_int333_bf_0030.mp4,333,30,red,square,blue,circle,False,False,"Yes, both shapes started moving at exactly the same time.",1,0,0
data/sim_videos/fps30/int_333ms/fps30_int333_bf_0031.mp4,333,30,green,circle,red,square,False,False,"Yes, both shapes started moving at exactly the same time.",1,0,0
data/sim_videos/fps30/int_333ms/fps30_int333_af_0032.mp4,333,30,blue,square,green,circle,True,False,"Yes, both shapes started moving at exactly the same time.",1,0,0
data/sim_videos/fps30/int_333ms/fps30_int333_af_0033.mp4,333,30,green,circle,red,square,True,False,"Yes, both shapes started moving at exactly the same time.",1,0,0
data/sim_videos/fps30/int_333ms/fps30_int333_bf_0034.mp4,333,30,red,square,blue,circle,False,False,"Yes, both shapes started moving at exactly the same time.",1,0,0
data/sim_videos/fps30/int_333ms/fps30_int333_bf_0035.mp4,333,30,red,square,blue,circle,False,False,"Yes, both shapes started moving at exactly the same time.",1,0,0
data/sim_videos/fps30/int_333ms/fps30_int333_af_0036.mp4,333,30,red,square,blue,circle,True,False,"Yes, both shapes started moving at exactly the same time.",1,0,0
data/sim_videos/fps30/int_333ms/fps30_int333_bf_0037.mp4,333,30,red,square,blue,circle,False,False,"Yes, both shapes started moving at exactly the same time.",1,0,0
data/sim_videos/fps30/int_333ms/fps30_int333_bf_0038.mp4,333,30,blue,square,green,circle,False,False,"Yes, both shapes started moving at exactly the same time.",1,0,0
data/sim_videos/fps30/int_333ms/fps30_int333_af_0039.mp4,333,30,red,square,blue,circle,True,False,"Yes, both shapes started moving at exactly the same time.",1,0,0
data/sim_videos/fps30/int_333ms/fps30_int333_af_0040.mp4,333,30,green,circle,red,square,True,False,"Yes, both shapes started moving at exactly the same time.",1,0,0
data/sim_videos/fps30/int_333ms/fps30_int333_af_0041.mp4,333,30,green,circle,red,square,True,False,"Yes, both shapes started moving at exactly the same time.",1,0,0
data/sim_videos/fps30/int_333ms/fps30_int333_bf_0042.mp4,333,30,red,square,blue,circle,False,False,"Yes, both shapes started moving at exactly the same time.",1,0,0
data/sim_videos/fps30/int_333ms/fps30_int333_bf_0043.mp4,333,30,green,circle,red,square,False,False,"Yes, both shapes started moving at exactly the same time.",1,0,0
data/sim_videos/fps30/int_333ms/fps30_int333_af_0044.mp4,333,30,green,circle,red,square,True,False,"Yes, both shapes started moving at exactly the same time.",1,0,0
data/sim_videos/fps30/int_333ms/fps30_int333_bf_0045.mp4,333,30,red,square,blue,circle,False,False,"Yes, both shapes started moving at exactly the same time.",1,0,0
data/sim_videos/fps30/int_333ms/fps30_int333_af_0046.mp4,333,30,red,square,blue,circle,True,False,"Yes, both shapes started moving at exactly the same time.",1,0,0
data/sim_videos/fps30/int_333ms/fps30_int333_af_0047.mp4,333,30,red,square,blue,circle,True,False,"Yes, both shapes started moving at exactly the same time.",1,0,0
data/sim_videos/fps30/int_333ms/fps30_int333_bf_0048.mp4,333,30,green,circle,red,square,False,False,"Yes, both shapes started moving at exactly the same time.",1,0,0
data/sim_videos/fps30/int_333ms/fps30_int333_bf_0049.mp4,333,30,red,square,blue,circle,False,False,"Yes, both shapes started moving at exactly the same time.",1,0,0
data/sim_videos/fps30/int_333ms/fps30_int333_af_0050.mp4,333,30,red,square,blue,circle,True,False,"Yes, both shapes started moving at exactly the same time.",1,0,0
data/sim_videos/fps30/int_333ms/fps30_int333_bf_0051.mp4,333,30,green,circle,red,square,False,False,"Yes, both shapes started moving at exactly the same time.",1,0,0
data/sim_videos/fps30/int_333ms/fps30_int333_bf_0052.mp4,333,30,red,square,blue,circle,False,False,"Yes, both shapes started moving at exactly the same time.",1,0,0
data/sim_videos/fps30/int_333ms/fps30_int333_bf_0053.mp4,333,30,red,square,blue,circle,False,False,"Yes, both shapes started moving at exactly the same time.",1,0,0
data/sim_videos/fps30/int_333ms/fps30_int333_af_0054.mp4,333,30,blue,square,green,circle,True,False,"Yes, both shapes started moving at exactly the same time.",1,0,0
data/sim_videos/fps30/int_333ms/fps30_int333_bf_0055.mp4,333,30,red,square,blue,circle,False,False,"Yes, both shapes started moving at exactly the same time.",1,0,0
data/sim_videos/fps30/int_333ms/fps30_int333_bf_0056.mp4,333,30,red,square,blue,circle,False,False,"Yes, both shapes started moving at exactly the same time.",1,0,0
data/sim_videos/fps30/int_333ms/fps30_int333_af_0057.mp4,333,30,blue,square,green,circle,True,False,"Yes, both shapes started moving at exactly the same time.",1,0,0
data/sim_videos/fps30/int_333ms/fps30_int333_af_0058.mp4,333,30,green,circle,red,square,True,False,"Yes, both shapes started moving at exactly the same time.",1,0,0
data/sim_videos/fps30/int_333ms/fps30_int333_bf_0059.mp4,333,30,blue,square,green,circle,False,False,"Yes, both shapes started moving at exactly the same time.",1,0,0
data/sim_videos/fps30/int_333ms/fps30_int333_af_0060.mp4,333,30,red,square,blue,circle,True,False,"Yes, both shapes started moving at exactly the same time.",1,0,0
data/sim_videos/fps30/int_333ms/fps30_int333_af_0061.mp4,333,30,blue,square,green,circle,True,False,"Yes, both shapes started moving at exactly the same time.",1,0,0
data/sim_videos/fps30/int_333ms/fps30_int333_af_0062.mp4,333,30,green,circle,red,square,True,False,"Yes, both shapes started moving at exactly the same time.",1,0,0
data/sim_videos/fps30/int_333ms/fps30_int333_bf_0063.mp4,333,30,blue,square,green,circle,False,False,"Yes, both shapes started moving at exactly the same time.",1,0,0
data/sim_videos/fps30/int_333ms/fps30_int333_af_0064.mp4,333,30,blue,square,green,circle,True,False,"Yes, both shapes started moving at exactly the same time.",1,0,0
data/sim_videos/fps30/int_333ms/fps30_int333_bf_0065.mp4,333,30,red,square,blue,circle,False,False,"Yes, both shapes started moving at exactly the same time.",1,0,0
data/sim_videos/fps30/int_333ms/fps30_int333_af_0066.mp4,333,30,green,circle,red,square,True,False,"Yes, both shapes started moving at exactly the same time.",1,0,0
data/sim_videos/fps30/int_333ms/fps30_int333_af_0067.mp4,333,30,green,circle,red,square,True,False,"Yes, both shapes started moving at exactly the same time.",1,0,0
data/sim_videos/fps30/int_333ms/fps30_int333_af_0068.mp4,333,30,red,square,blue,circle,True,False,"Yes, both shapes started moving at exactly the same time.",1,0,0
data/sim_videos/fps30/int_333ms/fps30_int333_bf_0069.mp4,333,30,blue,square,green,circle,False,False,"Yes, both shapes started moving at exactly the same time.",1,0,0
data/sim_videos/fps30/int_333ms/fps30_int333_bf_0070.mp4,333,30,blue,square,green,circle,False,False,"Yes, both shapes started moving at exactly the same time.",1,0,0
data/sim_videos/fps30/int_333ms/fps30_int333_bf_0071.mp4,333,30,blue,square,green,circle,False,False,"Yes, both shapes started moving at exactly the same time.",1,0,0
data/sim_videos/fps30/int_333ms/fps30_int333_af_0072.mp4,333,30,blue,square,green,circle,True,False,"Yes, both shapes started moving at exactly the same time.",1,0,0
data/sim_videos/fps30/int_333ms/fps30_int333_bf_0073.mp4,333,30,green,circle,red,square,False,False,"Yes, both shapes started moving at exactly the same time.",1,0,0
data/sim_videos/fps30/int_333ms/fps30_int333_af_0074.mp4,333,30,blue,square,green,circle,True,False,"Yes, both shapes started moving at exactly the same time.",1,0,0
data/sim_videos/fps30/int_333ms/fps30_int333_bf_0075.mp4,333,30,red,square,blue,circle,False,False,"Yes, both shapes started moving at exactly the same time.",1,0,0
data/sim_videos/fps30/int_333ms/fps30_int333_bf_0076.mp4,333,30,blue,square,green,circle,False,False,"Yes, both shapes started moving at exactly the same time.",1,0,0
data/sim_videos/fps30/int_333ms/fps30_int333_af_0077.mp4,333,30,red,square,blue,circle,True,False,"Yes, both shapes started moving at exactly the same time.",1,0,0
data/sim_videos/fps30/int_333ms/fps30_int333_af_0078.mp4,333,30,green,circle,red,square,True,False,"Yes, both shapes started moving at exactly the same time.",1,0,0
data/sim_videos/fps30/int_333ms/fps30_int333_bf_0079.mp4,333,30,blue,square,green,circle,False,False,"Yes, both shapes started moving at exactly the same time.",1,0,0
data/sim_videos/fps30/int_333ms/fps30_int333_af_0080.mp4,333,30,blue,square,green,circle,True,False,"Yes, both shapes started moving at exactly the same time.",1,0,0
data/sim_videos/fps30/int_333ms/fps30_int333_af_0081.mp4,333,30,blue,square,green,circle,True,False,"Yes, both shapes started moving at exactly the same time.",1,0,0
data/sim_videos/fps30/int_333ms/fps30_int333_bf_0082.mp4,333,30,blue,square,green,circle,False,False,"Yes, both shapes started moving at exactly the same time.",1,0,0
data/sim_videos/fps30/int_333ms/fps30_int333_bf_0083.mp4,333,30,blue,square,green,circle,False,False,"Yes, both shapes started moving at exactly the same time.",1,0,0
data/sim_videos/fps30/int_333ms/fps30_int333_af_0084.mp4,333,30,green,circle,red,square,True,False,"Yes, both shapes started moving at exactly the same time.",1,0,0
data/sim_videos/fps30/int_333ms/fps30_int333_af_0085.mp4,333,30,blue,square,green,circle,True,False,"Yes, both shapes started moving at exactly the same time.",1,0,0
data/sim_videos/fps30/int_333ms/fps30_int333_af_0086.mp4,333,30,green,circle,red,square,True,False,"Yes, both shapes started moving at exactly the same time.",1,0,0
data/sim_videos/fps30/int_333ms/fps30_int333_af_0087.mp4,333,30,green,circle,red,square,True,False,"Yes, both shapes started moving at exactly the same time.",1,0,0
data/sim_videos/fps30/int_333ms/fps30_int333_bf_0088.mp4,333,30,green,circle,red,square,False,False,"Yes, both shapes started moving at exactly the same time.",1,0,0
data/sim_videos/fps30/int_333ms/fps30_int333_bf_0089.mp4,333,30,blue,square,green,circle,False,False,"Yes, both shapes started moving at exactly the same time.",1,0,0
data/sim_videos/fps30/int_333ms/fps30_int333_bf_0090.mp4,333,30,blue,square,green,circle,False,False,"Yes, both shapes started moving at exactly the same time.",1,0,0
data/sim_videos/fps30/int_333ms/fps30_int333_bf_0091.mp4,333,30,green,circle,red,square,False,False,"Yes, both shapes started moving at exactly the same time.",1,0,0
data/sim_videos/fps30/int_333ms/fps30_int333_af_0092.mp4,333,30,blue,square,green,circle,True,False,"Yes, both shapes started moving at exactly the same time.",1,0,0
data/sim_videos/fps30/int_333ms/fps30_int333_af_0093.mp4,333,30,blue,square,green,circle,True,False,"Yes, both shapes started moving at exactly the same time.",1,0,0
data/sim_videos/fps30/int_333ms/fps30_int333_af_0094.mp4,333,30,red,square,blue,circle,True,False,"Yes, both shapes started moving at exactly the same time.",1,0,0
data/sim_videos/fps30/int_333ms/fps30_int333_af_0095.mp4,333,30,blue,square,green,circle,True,False,"Yes, both shapes started moving at exactly the same time.",1,0,0
data/sim_videos/fps30/int_333ms/fps30_int333_bf_0096.mp4,333,30,red,square,blue,circle,False,False,"Yes, both shapes started moving at exactly the same time.",1,0,0
data/sim_videos/fps30/int_333ms/fps30_int333_af_0097.mp4,333,30,red,square,blue,circle,True,False,"Yes, both shapes started moving at exactly the same time.",1,0,0
data/sim_videos/fps30/int_333ms/fps30_int333_af_0098.mp4,333,30,blue,square,green,circle,True,False,"Yes, both shapes started moving at exactly the same time.",1,0,0
data/sim_videos/fps30/int_333ms/fps30_int333_bf_0099.mp4,333,30,red,square,blue,circle,False,False,"Yes, both shapes started moving at exactly the same time.",1,0,0
